2.456345500000E+06,-8.840514205592E-01,4.071799872311E-01,1.765229679511E-01
2.456345541667E+06,-8.843842072316E-01,4.065897346779E-01,1.762670973839E-01
2.456345583333E+06,-8.847165253774E-01,4.059992687049E-01,1.760111340765E-01
2.456345625000E+06,-8.850483748557E-01,4.054085896261E-01,1.757550781639E-01
2.456345666667E+06,-8.853797555261E-01,4.048176977555E-01,1.754989297808E-01
2.456345708333E+06,-8.857106672481E-01,4.042265934070E-01,1.752426890620E-01
2.456345750000E+06,-8.860411098817E-01,4.036352768944E-01,1.749863561424E-01
2.456345791667E+06,-8.863710832870E-01,4.030437485314E-01,1.747299311567E-01
2.456345833333E+06,-8.867005873245E-01,4.024520086316E-01,1.744734142397E-01
2.456345875000E+06,-8.870296218549E-01,4.018600575085E-01,1.742168055260E-01
2.456345916667E+06,-8.873581867389E-01,4.012678954757E-01,1.739601051504E-01
2.456345958333E+06,-8.876862818377E-01,4.006755228464E-01,1.737033132475E-01
2.456346000000E+06,-8.880139070127E-01,4.000829399341E-01,1.734464299519E-01
2.456346041667E+06,-8.883410621255E-01,3.994901470518E-01,1.731894553984E-01
2.456346083333E+06,-8.886677470379E-01,3.988971445127E-01,1.729323897215E-01
2.456346125000E+06,-8.889939616119E-01,3.983039326297E-01,1.726752330558E-01
2.456346166667E+06,-8.893197057100E-01,3.977105117159E-01,1.724179855358E-01
2.456346208333E+06,-8.896449791945E-01,3.971168820840E-01,1.721606472961E-01
2.456346250000E+06,-8.899697819283E-01,3.965230440468E-01,1.719032184711E-01
2.456346291667E+06,-8.902941137744E-01,3.959289979170E-01,1.716456991954E-01
2.456346333333E+06,-8.906179745959E-01,3.953347440070E-01,1.713880896035E-01
2.456346375000E+06,-8.909413642562E-01,3.947402826294E-01,1.711303898297E-01
2.456346416667E+06,-8.912642826191E-01,3.941456140966E-01,1.708726000084E-01
2.456346458333E+06,-8.915867295483E-01,3.935507387207E-01,1.706147202741E-01
2.456346500000E+06,-8.919087049080E-01,3.929556568140E-01,1.703567507611E-01
2.456346541667E+06,-8.922302085625E-01,3.923603686885E-01,1.700986916037E-01
2.456346583333E+06,-8.925512403763E-01,3.917648746563E-01,1.698405429363E-01
2.456346625000E+06,-8.928718002141E-01,3.911691750292E-01,1.695823048931E-01
2.456346666667E+06,-8.931918879408E-01,3.905732701190E-01,1.693239776085E-01
2.456346708333E+06,-8.935115034216E-01,3.899771602374E-01,1.690655612165E-01
2.456346750000E+06,-8.938306465219E-01,3.893808456960E-01,1.688070558515E-01
2.456346791667E+06,-8.941493171072E-01,3.887843268063E-01,1.685484616476E-01
2.456346833333E+06,-8.944675150432E-01,3.881876038796E-01,1.682897787390E-01
2.456346875000E+06,-8.947852401960E-01,3.875906772273E-01,1.680310072599E-01
2.456346916667E+06,-8.951024924317E-01,3.869935471605E-01,1.677721473442E-01
2.456346958333E+06,-8.954192716166E-01,3.863962139904E-01,1.675131991262E-01
2.456347000000E+06,-8.957355776173E-01,3.857986780278E-01,1.672541627398E-01
2.456347041667E+06,-8.960514103006E-01,3.852009395838E-01,1.669950383191E-01
2.456347083333E+06,-8.963667695333E-01,3.846029989690E-01,1.667358259981E-01
2.456347125000E+06,-8.966816551827E-01,3.840048564942E-01,1.664765259108E-01
2.456347166667E+06,-8.969960671159E-01,3.834065124700E-01,1.662171381912E-01
2.456347208333E+06,-8.973100052006E-01,3.828079672067E-01,1.659576629731E-01
2.456347250000E+06,-8.976234693044E-01,3.822092210148E-01,1.656981003905E-01
2.456347291667E+06,-8.979364592951E-01,3.816102742045E-01,1.654384505772E-01
2.456347333333E+06,-8.982489750409E-01,3.810111270859E-01,1.651787136672E-01
2.456347375000E+06,-8.985610164098E-01,3.804117799692E-01,1.649188897942E-01
2.456347416667E+06,-8.988725832704E-01,3.798122331643E-01,1.646589790920E-01
2.456347458333E+06,-8.991836754911E-01,3.792124869810E-01,1.643989816945E-01
2.456347500000E+06,-8.994942929406E-01,3.786125417291E-01,1.641388977353E-01
2.456347541667E+06,-8.998044354880E-01,3.780123977181E-01,1.638787273483E-01
2.456347583333E+06,-9.001141030022E-01,3.774120552576E-01,1.636184706670E-01
2.456347625000E+06,-9.004232953525E-01,3.768115146571E-01,1.633581278252E-01
2.456347666667E+06,-9.007320124083E-01,3.762107762258E-01,1.630976989566E-01
2.456347708333E+06,-9.010402540391E-01,3.756098402730E-01,1.628371841947E-01
2.456347750000E+06,-9.013480201145E-01,3.750087071078E-01,1.625765836733E-01
2.456347791667E+06,-9.016553105045E-01,3.744073770391E-01,1.623158975258E-01
2.456347833333E+06,-9.019621250791E-01,3.738058503758E-01,1.620551258858E-01
2.456347875000E+06,-9.022684637084E-01,3.732041274268E-01,1.617942688869E-01
2.456347916667E+06,-9.025743262628E-01,3.726022085007E-01,1.615333266625E-01
2.456347958333E+06,-9.028797126126E-01,3.720000939061E-01,1.612722993462E-01
2.456348000000E+06,-9.031846226284E-01,3.713977839514E-01,1.610111870715E-01
2.456348041667E+06,-9.034890561811E-01,3.707952789451E-01,1.607499899717E-01
2.456348083333E+06,-9.037930131413E-01,3.701925791954E-01,1.604887081803E-01
2.456348125000E+06,-9.040964933803E-01,3.695896850105E-01,1.602273418307E-01
2.456348166667E+06,-9.043994967690E-01,3.689865966983E-01,1.599658910563E-01
2.456348208333E+06,-9.047020231787E-01,3.683833145670E-01,1.597043559904E-01
2.456348250000E+06,-9.050040724809E-01,3.677798389242E-01,1.594427367663E-01
2.456348291667E+06,-9.053056445470E-01,3.671761700778E-01,1.591810335175E-01
2.456348333333E+06,-9.056067392487E-01,3.665723083354E-01,1.589192463771E-01
2.456348375000E+06,-9.059073564577E-01,3.659682540045E-01,1.586573754785E-01
2.456348416667E+06,-9.062074960460E-01,3.653640073927E-01,1.583954209548E-01
2.456348458333E+06,-9.065071578854E-01,3.647595688071E-01,1.581333829394E-01
2.456348500000E+06,-9.068063418482E-01,3.641549385552E-01,1.578712615655E-01
2.456348541667E+06,-9.071050478065E-01,3.635501169439E-01,1.576090569662E-01
2.456348583333E+06,-9.074032756326E-01,3.629451042804E-01,1.573467692747E-01
2.456348625000E+06,-9.077010251990E-01,3.623399008716E-01,1.570843986242E-01
2.456348666667E+06,-9.079982963781E-01,3.617345070243E-01,1.568219451478E-01
2.456348708333E+06,-9.082950890428E-01,3.611289230454E-01,1.565594089787E-01
2.456348750000E+06,-9.085914030655E-01,3.605231492413E-01,1.562967902499E-01
2.456348791667E+06,-9.088872383193E-01,3.599171859188E-01,1.560340890946E-01
2.456348833333E+06,-9.091825946770E-01,3.593110333843E-01,1.557713056458E-01
2.456348875000E+06,-9.094774720115E-01,3.587046919441E-01,1.555084400366E-01
2.456348916667E+06,-9.097718701961E-01,3.580981619046E-01,1.552454924001E-01
2.456348958333E+06,-9.100657891039E-01,3.574914435718E-01,1.549824628692E-01
2.456349000000E+06,-9.103592286081E-01,3.568845372520E-01,1.547193515770E-01
2.456349041667E+06,-9.106521885821E-01,3.562774432511E-01,1.544561586566E-01
2.456349083333E+06,-9.109446688993E-01,3.556701618751E-01,1.541928842408E-01
2.456349125000E+06,-9.112366694333E-01,3.550626934298E-01,1.539295284627E-01
2.456349166667E+06,-9.115281900575E-01,3.544550382209E-01,1.536660914553E-01
2.456349208333E+06,-9.118192306457E-01,3.538471965541E-01,1.534025733515E-01
2.456349250000E+06,-9.121097910715E-01,3.532391687350E-01,1.531389742843E-01
2.456349291667E+06,-9.123998712088E-01,3.526309550690E-01,1.528752943866E-01
2.456349333333E+06,-9.126894709314E-01,3.520225558617E-01,1.526115337913E-01
2.456349375000E+06,-9.129785901131E-01,3.514139714184E-01,1.523476926314E-01
2.456349416667E+06,-9.132672286279E-01,3.508052020442E-01,1.520837710399E-01
2.456349458333E+06,-9.135553863500E-01,3.501962480445E-01,1.518197691495E-01
2.456349500000E+06,-9.138430631533E-01,3.495871097243E-01,1.515556870932E-01
2.456349541667E+06,-9.141302589119E-01,3.489777873886E-01,1.512915250040E-01
2.456349583333E+06,-9.144169735001E-01,3.483682813424E-01,1.510272830147E-01
2.456349625000E+06,-9.147032067920E-01,3.477585918907E-01,1.507629612582E-01
2.456349666667E+06,-9.149889586620E-01,3.471487193382E-01,1.504985598674E-01
2.456349708333E+06,-9.152742289843E-01,3.465386639897E-01,1.502340789752E-01
2.456349750000E+06,-9.155590176334E-01,3.459284261499E-01,1.499695187144E-01
2.456349791667E+06,-9.158433244835E-01,3.453180061234E-01,1.497048792181E-01
2.456349833333E+06,-9.161271494091E-01,3.447074042149E-01,1.494401606189E-01
2.456349875000E+06,-9.164104922847E-01,3.440966207287E-01,1.491753630500E-01
2.456349916667E+06,-9.166933529848E-01,3.434856559695E-01,1.489104866440E-01
2.456349958333E+06,-9.169757313838E-01,3.428745102415E-01,1.486455315340E-01
2.456350000000E+06,-9.172576273564E-01,3.422631838491E-01,1.483804978528E-01
2.456350041667E+06,-9.175390407771E-01,3.416516770966E-01,1.481153857333E-01
2.456350083333E+06,-9.178199715205E-01,3.410399902883E-01,1.478501953084E-01
2.456350125000E+06,-9.181004194613E-01,3.404281237284E-01,1.475849267111E-01
2.456350166667E+06,-9.183803844740E-01,3.398160777209E-01,1.473195800742E-01
2.456350208333E+06,-9.186598664333E-01,3.392038525700E-01,1.470541555307E-01
2.456350250000E+06,-9.189388652139E-01,3.385914485798E-01,1.467886532136E-01
2.456350291667E+06,-9.192173806905E-01,3.379788660542E-01,1.465230732557E-01
2.456350333333E+06,-9.194954127377E-01,3.373661052973E-01,1.462574157900E-01
2.456350375000E+06,-9.197729612303E-01,3.367531666130E-01,1.459916809495E-01
2.456350416667E+06,-9.200500260430E-01,3.361400503053E-01,1.457258688672E-01
2.456350458333E+06,-9.203266070505E-01,3.355267566780E-01,1.454599796761E-01
2.456350500000E+06,-9.206027041275E-01,3.349132860349E-01,1.451940135091E-01
2.456350541667E+06,-9.208783171487E-01,3.342996386800E-01,1.449279704994E-01
2.456350583333E+06,-9.211534459889E-01,3.336858149170E-01,1.446618507798E-01
2.456350625000E+06,-9.214280905228E-01,3.330718150497E-01,1.443956544836E-01
2.456350666667E+06,-9.217022506250E-01,3.324576393819E-01,1.441293817438E-01
2.456350708333E+06,-9.219759261704E-01,3.318432882173E-01,1.438630326935E-01
2.456350750000E+06,-9.222491170336E-01,3.312287618597E-01,1.435966074657E-01
2.456350791667E+06,-9.225218230893E-01,3.306140606128E-01,1.433301061937E-01
2.456350833333E+06,-9.227940442121E-01,3.299991847804E-01,1.430635290106E-01
2.456350875000E+06,-9.230657802769E-01,3.293841346661E-01,1.427968760496E-01
2.456350916667E+06,-9.233370311582E-01,3.287689105737E-01,1.425301474439E-01
2.456350958333E+06,-9.236077967307E-01,3.281535128068E-01,1.422633433267E-01
2.456351000000E+06,-9.238780768690E-01,3.275379416693E-01,1.419964638314E-01
2.456351041667E+06,-9.241478714478E-01,3.269221974648E-01,1.417295090911E-01
2.456351083333E+06,-9.244171803416E-01,3.263062804970E-01,1.414624792393E-01
2.456351125000E+06,-9.246860034251E-01,3.256901910697E-01,1.411953744093E-01
2.456351166667E+06,-9.249543405727E-01,3.250739294867E-01,1.409281947344E-01
2.456351208333E+06,-9.252221916591E-01,3.244574960517E-01,1.406609403481E-01
2.456351250000E+06,-9.254895565587E-01,3.238408910685E-01,1.403936113838E-01
2.456351291667E+06,-9.257564351460E-01,3.232241148409E-01,1.401262079750E-01
2.456351333333E+06,-9.260228272956E-01,3.226071676728E-01,1.398587302553E-01
2.456351375000E+06,-9.262887328818E-01,3.219900498680E-01,1.395911783582E-01
2.456351416667E+06,-9.265541517790E-01,3.213727617304E-01,1.393235524173E-01
2.456351458333E+06,-9.268190838617E-01,3.207553035640E-01,1.390558525662E-01
2.456351500000E+06,-9.270835290042E-01,3.201376756728E-01,1.387880789386E-01
2.456351541667E+06,-9.273474870808E-01,3.195198783606E-01,1.385202316683E-01
2.456351583333E+06,-9.276109579658E-01,3.189019119317E-01,1.382523108889E-01
2.456351625000E+06,-9.278739415336E-01,3.182837766900E-01,1.379843167343E-01
2.456351666667E+06,-9.281364376582E-01,3.176654729398E-01,1.377162493384E-01
2.456351708333E+06,-9.283984462140E-01,3.170470009852E-01,1.374481088351E-01
2.456351750000E+06,-9.286599670750E-01,3.164283611304E-01,1.371798953582E-01
2.456351791667E+06,-9.289210001155E-01,3.158095536799E-01,1.369116090418E-01
2.456351833333E+06,-9.291815452095E-01,3.151905789380E-01,1.366432500200E-01
2.456351875000E+06,-9.294416022310E-01,3.145714372090E-01,1.363748184267E-01
2.456351916667E+06,-9.297011710542E-01,3.139521287976E-01,1.361063143963E-01
2.456351958333E+06,-9.299602515530E-01,3.133326540083E-01,1.358377380628E-01
2.456352000000E+06,-9.302188436013E-01,3.127130131457E-01,1.355690895605E-01
2.456352041667E+06,-9.304769470731E-01,3.120932065146E-01,1.353003690238E-01
2.456352083333E+06,-9.307345618423E-01,3.114732344198E-01,1.350315765870E-01
2.456352125000E+06,-9.309916877827E-01,3.108530971661E-01,1.347627123845E-01
2.456352166667E+06,-9.312483247681E-01,3.102327950587E-01,1.344937765508E-01
2.456352208333E+06,-9.315044726722E-01,3.096123284024E-01,1.342247692205E-01
2.456352250000E+06,-9.317601313689E-01,3.089916975026E-01,1.339556905282E-01
2.456352291667E+06,-9.320153007318E-01,3.083709026644E-01,1.336865406085E-01
2.456352333333E+06,-9.322699806345E-01,3.077499441932E-01,1.334173195961E-01
2.456352375000E+06,-9.325241709508E-01,3.071288223945E-01,1.331480276260E-01
2.456352416667E+06,-9.327778715541E-01,3.065075375738E-01,1.328786648328E-01
2.456352458333E+06,-9.330310823180E-01,3.058860900369E-01,1.326092313516E-01
2.456352500000E+06,-9.332838031161E-01,3.052644800895E-01,1.323397273174E-01
2.456352541667E+06,-9.335360338218E-01,3.046427080375E-01,1.320701528652E-01
2.456352583333E+06,-9.337877743086E-01,3.040207741870E-01,1.318005081302E-01
2.456352625000E+06,-9.340390244498E-01,3.033986788441E-01,1.315307932476E-01
2.456352666667E+06,-9.342897841188E-01,3.027764223151E-01,1.312610083527E-01
2.456352708333E+06,-9.345400531889E-01,3.021540049064E-01,1.309911535808E-01
2.456352750000E+06,-9.347898315336E-01,3.015314269245E-01,1.307212290674E-01
2.456352791667E+06,-9.350391190259E-01,3.009086886761E-01,1.304512349479E-01
2.456352833333E+06,-9.352879155392E-01,3.002857904681E-01,1.301811713581E-01
2.456352875000E+06,-9.355362209466E-01,2.996627326073E-01,1.299110384334E-01
2.456352916667E+06,-9.357840351213E-01,2.990395154008E-01,1.296408363098E-01
2.456352958333E+06,-9.360313579365E-01,2.984161391560E-01,1.293705651230E-01
2.456353000000E+06,-9.362781892652E-01,2.977926041802E-01,1.291002250090E-01
2.456353041667E+06,-9.365245289805E-01,2.971689107810E-01,1.288298161037E-01
2.456353083333E+06,-9.367703769556E-01,2.965450592661E-01,1.285593385431E-01
2.456353125000E+06,-9.370157330633E-01,2.959210499433E-01,1.282887924636E-01
2.456353166667E+06,-9.372605971767E-01,2.952968831208E-01,1.280181780013E-01
2.456353208333E+06,-9.375049691687E-01,2.946725591066E-01,1.277474952926E-01
2.456353250000E+06,-9.377488489124E-01,2.940480782093E-01,1.274767444739E-01
2.456353291667E+06,-9.379922362806E-01,2.934234407373E-01,1.272059256817E-01
2.456353333333E+06,-9.382351311461E-01,2.927986469993E-01,1.269350390526E-01
2.456353375000E+06,-9.384775333820E-01,2.921736973044E-01,1.266640847234E-01
2.456353416667E+06,-9.387194428610E-01,2.915485919615E-01,1.263930628308E-01
2.456353458333E+06,-9.389608594560E-01,2.909233312800E-01,1.261219735117E-01
2.456353500000E+06,-9.392017830398E-01,2.902979155694E-01,1.258508169032E-01
2.456353541667E+06,-9.394422134853E-01,2.896723451392E-01,1.255795931422E-01
2.456353583333E+06,-9.396821506651E-01,2.890466202994E-01,1.253083023659E-01
2.456353625000E+06,-9.399215944521E-01,2.884207413601E-01,1.250369447117E-01
2.456353666667E+06,-9.401605447190E-01,2.877947086314E-01,1.247655203169E-01
2.456353708333E+06,-9.403990013387E-01,2.871685224239E-01,1.244940293190E-01
2.456353750000E+06,-9.406369641837E-01,2.865421830482E-01,1.242224718555E-01
2.456353791667E+06,-9.408744331270E-01,2.859156908152E-01,1.239508480642E-01
2.456353833333E+06,-9.411114080412E-01,2.852890460360E-01,1.236791580827E-01
2.456353875000E+06,-9.413478887991E-01,2.846622490220E-01,1.234074020491E-01
2.456353916667E+06,-9.415838752733E-01,2.840353000847E-01,1.231355801013E-01
2.456353958333E+06,-9.418193673367E-01,2.834081995358E-01,1.228636923773E-01
2.456354000000E+06,-9.420543648620E-01,2.827809476874E-01,1.225917390154E-01
2.456354041667E+06,-9.422888677218E-01,2.821535448516E-01,1.223197201539E-01
2.456354083333E+06,-9.425228757890E-01,2.815259913410E-01,1.220476359313E-01
2.456354125000E+06,-9.427563889363E-01,2.808982874681E-01,1.217754864859E-01
2.456354166667E+06,-9.429894070365E-01,2.802704335459E-01,1.215032719565E-01
2.456354208333E+06,-9.432219299623E-01,2.796424298876E-01,1.212309924819E-01
2.456354250000E+06,-9.434539575865E-01,2.790142768066E-01,1.209586482008E-01
2.456354291667E+06,-9.436854897819E-01,2.783859746166E-01,1.206862392523E-01
2.456354333333E+06,-9.439165264215E-01,2.777575236314E-01,1.204137657754E-01
2.456354375000E+06,-9.441470673779E-01,2.771289241652E-01,1.201412279094E-01
2.456354416667E+06,-9.443771125241E-01,2.765001765324E-01,1.198686257935E-01
2.456354458333E+06,-9.446066617330E-01,2.758712810476E-01,1.195959595673E-01
2.456354500000E+06,-9.448357148775E-01,2.752422380259E-01,1.193232293701E-01
2.456354541667E+06,-9.450642718306E-01,2.746130477823E-01,1.190504353418E-01
2.456354583333E+06,-9.452923324651E-01,2.739837106324E-01,1.187775776221E-01
2.456354625000E+06,-9.455198966543E-01,2.733542268919E-01,1.185046563509E-01
2.456354666667E+06,-9.457469642710E-01,2.727245968767E-01,1.182316716682E-01
2.456354708333E+06,-9.459735351884E-01,2.720948209031E-01,1.179586237142E-01
2.456354750000E+06,-9.461996092797E-01,2.714648992876E-01,1.176855126291E-01
2.456354791667E+06,-9.464251864181E-01,2.708348323471E-01,1.174123385533E-01
2.456354833333E+06,-9.466502664766E-01,2.702046203987E-01,1.171391016274E-01
2.456354875000E+06,-9.468748493288E-01,2.695742637597E-01,1.168658019920E-01
2.456354916667E+06,-9.470989348478E-01,2.689437627478E-01,1.165924397878E-01
2.456354958333E+06,-9.473225229071E-01,2.683131176809E-01,1.163190151557E-01
2.456355000000E+06,-9.475456133800E-01,2.676823288773E-01,1.160455282368E-01
2.456355041667E+06,-9.477682061402E-01,2.670513966555E-01,1.157719791722E-01
2.456355083333E+06,-9.479903010613E-01,2.664203213344E-01,1.154983681030E-01
2.456355125000E+06,-9.482118980167E-01,2.657891032330E-01,1.152246951708E-01
2.456355166667E+06,-9.484329968803E-01,2.651577426709E-01,1.149509605171E-01
2.456355208333E+06,-9.486535975258E-01,2.645262399676E-01,1.146771642834E-01
2.456355250000E+06,-9.488736998271E-01,2.638945954432E-01,1.144033066116E-01
2.456355291667E+06,-9.490933036581E-01,2.632628094181E-01,1.141293876436E-01
2.456355333333E+06,-9.493124088928E-01,2.626308822129E-01,1.138554075214E-01
2.456355375000E+06,-9.495310154054E-01,2.619988141486E-01,1.135813663871E-01
2.456355416667E+06,-9.497491230700E-01,2.613666055463E-01,1.133072643831E-01
2.456355458333E+06,-9.499667317609E-01,2.607342567277E-01,1.130331016519E-01
2.456355500000E+06,-9.501838413524E-01,2.601017680146E-01,1.127588783359E-01
2.456355541667E+06,-9.504004517191E-01,2.594691397293E-01,1.124845945778E-01
2.456355583333E+06,-9.506165627354E-01,2.588363721943E-01,1.122102505205E-01
2.456355625000E+06,-9.508321742761E-01,2.582034657324E-01,1.119358463070E-01
2.456355666667E+06,-9.510472862160E-01,2.575704206667E-01,1.116613820803E-01
2.456355708333E+06,-9.512618984299E-01,2.569372373209E-01,1.113868579837E-01
2.456355750000E+06,-9.514760107928E-01,2.563039160186E-01,1.111122741605E-01
2.456355791667E+06,-9.516896231798E-01,2.556704570841E-01,1.108376307543E-01
2.456355833333E+06,-9.519027354662E-01,2.550368608418E-01,1.105629279086E-01
2.456355875000E+06,-9.521153475273E-01,2.544031276165E-01,1.102881657672E-01
2.456355916667E+06,-9.523274592385E-01,2.537692577334E-01,1.100133444741E-01
2.456355958333E+06,-9.525390704756E-01,2.531352515179E-01,1.097384641733E-01
2.456356000000E+06,-9.527501811142E-01,2.525011092958E-01,1.094635250090E-01
2.456356041667E+06,-9.529607910302E-01,2.518668313934E-01,1.091885271254E-01
2.456356083333E+06,-9.531709000996E-01,2.512324181370E-01,1.089134706671E-01
2.456356125000E+06,-9.533805081986E-01,2.505978698536E-01,1.086383557786E-01
2.456356166667E+06,-9.535896152035E-01,2.499631868702E-01,1.083631826047E-01
2.456356208333E+06,-9.537982209907E-01,2.493283695145E-01,1.080879512902E-01
2.456356250000E+06,-9.540063254369E-01,2.486934181142E-01,1.078126619801E-01
2.456356291667E+06,-9.542139284187E-01,2.480583329976E-01,1.075373148197E-01
2.456356333333E+06,-9.544210298132E-01,2.474231144932E-01,1.072619099541E-01
2.456356375000E+06,-9.546276294973E-01,2.467877629299E-01,1.069864475288E-01
2.456356416667E+06,-9.548337273484E-01,2.461522786371E-01,1.067109276893E-01
2.456356458333E+06,-9.550393232439E-01,2.455166619442E-01,1.064353505815E-01
2.456356500000E+06,-9.552444170614E-01,2.448809131813E-01,1.061597163510E-01
2.456356541667E+06,-9.554490086786E-01,2.442450326787E-01,1.058840251439E-01
2.456356583333E+06,-9.556530979735E-01,2.436090207670E-01,1.056082771063E-01
2.456356625000E+06,-9.558566848242E-01,2.429728777772E-01,1.053324723845E-01
2.456356666667E+06,-9.560597691092E-01,2.423366040408E-01,1.050566111248E-01
2.456356708333E+06,-9.562623507068E-01,2.417001998895E-01,1.047806934739E-01
2.456356750000E+06,-9.564644294959E-01,2.410636656553E-01,1.045047195784E-01
2.456356791667E+06,-9.566660053553E-01,2.404270016707E-01,1.042286895850E-01
2.456356833333E+06,-9.568670781642E-01,2.397902082686E-01,1.039526036409E-01
2.456356875000E+06,-9.570676478020E-01,2.391532857821E-01,1.036764618930E-01
2.456356916667E+06,-9.572677141480E-01,2.385162345447E-01,1.034002644886E-01
2.456356958333E+06,-9.574672770822E-01,2.378790548904E-01,1.031240115752E-01
2.456357000000E+06,-9.576663364845E-01,2.372417471534E-01,1.028477033001E-01
2.456357041667E+06,-9.578648922351E-01,2.366043116683E-01,1.025713398112E-01
2.456357083333E+06,-9.580629442144E-01,2.359667487702E-01,1.022949212561E-01
2.456357125000E+06,-9.582604923031E-01,2.353290587943E-01,1.020184477828E-01
2.456357166667E+06,-9.584575363821E-01,2.346912420764E-01,1.017419195394E-01
2.456357208333E+06,-9.586540763325E-01,2.340532989526E-01,1.014653366742E-01
2.456357250000E+06,-9.588501120358E-01,2.334152297594E-01,1.011886993354E-01
2.456357291667E+06,-9.590456433734E-01,2.327770348335E-01,1.009120076717E-01
2.456357333333E+06,-9.592406702274E-01,2.321387145121E-01,1.006352618315E-01
2.456357375000E+06,-9.594351924798E-01,2.315002691329E-01,1.003584619637E-01
2.456357416667E+06,-9.596292100130E-01,2.308616990336E-01,1.000816082172E-01
2.456357458333E+06,-9.598227227097E-01,2.302230045526E-01,9.980470074110E-02
2.456357500000E+06,-9.600157304527E-01,2.295841860286E-01,9.952773968451E-02
2.456357541667E+06,-9.602082331253E-01,2.289452438006E-01,9.925072519680E-02
2.456357583333E+06,-9.604002306110E-01,2.283061782079E-01,9.897365742743E-02
2.456357625000E+06,-9.605917227934E-01,2.276669895903E-01,9.869653652600E-02
2.456357666667E+06,-9.607827095565E-01,2.270276782879E-01,9.841936264224E-02
2.456357708333E+06,-9.609731907848E-01,2.263882446413E-01,9.814213592604E-02
2.456357750000E+06,-9.611631663628E-01,2.257486889913E-01,9.786485652740E-02
2.456357791667E+06,-9.613526361753E-01,2.251090116791E-01,9.758752459648E-02
2.456357833333E+06,-9.615416001075E-01,2.244692130462E-01,9.731014028355E-02
2.456357875000E+06,-9.617300580450E-01,2.238292934348E-01,9.703270373903E-02
2.456357916667E+06,-9.619180098736E-01,2.231892531870E-01,9.675521511348E-02
2.456357958333E+06,-9.621054554793E-01,2.225490926456E-01,9.647767455758E-02
2.456358000000E+06,-9.622923947485E-01,2.219088121536E-01,9.620008222216E-02
2.456358041667E+06,-9.624788275680E-01,2.212684120545E-01,9.592243825816E-02
2.456358083333E+06,-9.626647538249E-01,2.206278926920E-01,9.564474281667E-02
2.456358125000E+06,-9.628501734065E-01,2.199872544104E-01,9.536699604891E-02
2.456358166667E+06,-9.630350862005E-01,2.193464975540E-01,9.508919810622E-02
2.456358208333E+06,-9.632194920951E-01,2.187056224678E-01,9.481134914010E-02
2.456358250000E+06,-9.634033909785E-01,2.180646294971E-01,9.453344930215E-02
2.456358291667E+06,-9.635867827395E-01,2.174235189873E-01,9.425549874411E-02
2.456358333333E+06,-9.637696672671E-01,2.167822912846E-01,9.397749761786E-02
2.456358375000E+06,-9.639520444509E-01,2.161409467351E-01,9.369944607538E-02
2.456358416667E+06,-9.641339141805E-01,2.154994856856E-01,9.342134426882E-02
2.456358458333E+06,-9.643152763461E-01,2.148579084832E-01,9.314319235042E-02
2.456358500000E+06,-9.644961308382E-01,2.142162154751E-01,9.286499047257E-02
2.456358541667E+06,-9.646764775476E-01,2.135744070092E-01,9.258673878778E-02
2.456358583333E+06,-9.648563163656E-01,2.129324834336E-01,9.230843744868E-02
2.456358625000E+06,-9.650356471838E-01,2.122904450967E-01,9.203008660802E-02
2.456358666667E+06,-9.652144698941E-01,2.116482923473E-01,9.175168641869E-02
2.456358708333E+06,-9.653927843889E-01,2.110060255346E-01,9.147323703370E-02
2.456358750000E+06,-9.655705905610E-01,2.103636450081E-01,9.119473860617E-02
2.456358791667E+06,-9.657478883035E-01,2.097211511176E-01,9.091619128936E-02
2.456358833333E+06,-9.659246775098E-01,2.090785442135E-01,9.063759523663E-02
2.456358875000E+06,-9.661009580740E-01,2.084358246461E-01,9.035895060147E-02
2.456358916667E+06,-9.662767298904E-01,2.077929927664E-01,9.008025753750E-02
2.456358958333E+06,-9.664519928536E-01,2.071500489257E-01,8.980151619845E-02
2.456359000000E+06,-9.666267468589E-01,2.065069934756E-01,8.952272673815E-02
2.456359041667E+06,-9.668009918017E-01,2.058638267679E-01,8.924388931058E-02
2.456359083333E+06,-9.669747275780E-01,2.052205491548E-01,8.896500406981E-02
2.456359125000E+06,-9.671479540843E-01,2.045771609891E-01,8.868607117004E-02
2.456359166667E+06,-9.673206712172E-01,2.039336626236E-01,8.840709076556E-02
2.456359208333E+06,-9.674928788741E-01,2.032900544116E-01,8.812806301081E-02
2.456359250000E+06,-9.676645769526E-01,2.026463367067E-01,8.784898806031E-02
2.456359291667E+06,-9.678357653507E-01,2.020025098627E-01,8.756986606871E-02
2.456359333333E+06,-9.680064439671E-01,2.013585742340E-01,8.729069719077E-02
2.456359375000E+06,-9.681766127007E-01,2.007145301751E-01,8.701148158133E-02
2.456359416667E+06,-9.683462714509E-01,2.000703780409E-01,8.673221939538E-02
2.456359458333E+06,-9.685154201175E-01,1.994261181867E-01,8.645291078800E-02
2.456359500000E+06,-9.686840586010E-01,1.987817509678E-01,8.617355591435E-02
2.456359541667E+06,-9.688521868020E-01,1.981372767403E-01,8.589415492974E-02
2.456359583333E+06,-9.690198046218E-01,1.974926958602E-01,8.561470798956E-02
2.456359625000E+06,-9.691869119621E-01,1.968480086840E-01,8.533521524929E-02
2.456359666667E+06,-9.693535087251E-01,1.962032155686E-01,8.505567686454E-02
2.456359708333E+06,-9.695195948133E-01,1.955583168709E-01,8.477609299100E-02
2.456359750000E+06,-9.696851701299E-01,1.949133129484E-01,8.449646378447E-02
2.456359791667E+06,-9.698502345784E-01,1.942682041588E-01,8.421678940083E-02
2.456359833333E+06,-9.700147880630E-01,1.936229908601E-01,8.393706999609E-02
2.456359875000E+06,-9.701788304881E-01,1.929776734106E-01,8.365730572633E-02
2.456359916667E+06,-9.703423617588E-01,1.923322521688E-01,8.337749674772E-02
2.456359958333E+06,-9.705053817805E-01,1.916867274937E-01,8.309764321655E-02
2.456360000000E+06,-9.706678904593E-01,1.910410997443E-01,8.281774528918E-02
2.456360041667E+06,-9.708298877017E-01,1.903953692802E-01,8.253780312206E-02
2.456360083333E+06,-9.709913734147E-01,1.897495364611E-01,8.225781687175E-02
2.456360125000E+06,-9.711523475057E-01,1.891036016470E-01,8.197778669487E-02
2.456360166667E+06,-9.713128098828E-01,1.884575651982E-01,8.169771274815E-02
2.456360208333E+06,-9.714727604544E-01,1.878114274752E-01,8.141759518840E-02
2.456360250000E+06,-9.716321991296E-01,1.871651888390E-01,8.113743417251E-02
2.456360291667E+06,-9.717911258180E-01,1.865188496505E-01,8.085722985745E-02
2.456360333333E+06,-9.719495404294E-01,1.858724102713E-01,8.057698240029E-02
2.456360375000E+06,-9.721074428746E-01,1.852258710629E-01,8.029669195816E-02
2.456360416667E+06,-9.722648330646E-01,1.845792323872E-01,8.001635868828E-02
2.456360458333E+06,-9.724217109110E-01,1.839324946063E-01,7.973598274793E-02
2.456360500000E+06,-9.725780763259E-01,1.832856580828E-01,7.945556429451E-02
2.456360541667E+06,-9.727339292219E-01,1.826387231792E-01,7.917510348544E-02
2.456360583333E+06,-9.728892695124E-01,1.819916902584E-01,7.889460047825E-02
2.456360625000E+06,-9.730440971109E-01,1.813445596836E-01,7.861405543054E-02
2.456360666667E+06,-9.731984119318E-01,1.806973318182E-01,7.833346849996E-02
2.456360708333E+06,-9.733522138898E-01,1.800500070258E-01,7.805283984425E-02
2.456360750000E+06,-9.735055029004E-01,1.794025856702E-01,7.777216962121E-02
2.456360791667E+06,-9.736582788792E-01,1.787550681156E-01,7.749145798871E-02
2.456360833333E+06,-9.738105417429E-01,1.781074547263E-01,7.721070510468E-02
2.456360875000E+06,-9.739622914083E-01,1.774597458667E-01,7.692991112712E-02
2.456360916667E+06,-9.741135277930E-01,1.768119419017E-01,7.664907621408E-02
2.456360958333E+06,-9.742642508151E-01,1.761640431963E-01,7.636820052370E-02
2.456361000000E+06,-9.744144603931E-01,1.755160501155E-01,7.608728421414E-02
2.456361041667E+06,-9.745641564463E-01,1.748679630249E-01,7.580632744365E-02
2.456361083333E+06,-9.747133388944E-01,1.742197822900E-01,7.552533037052E-02
2.456361125000E+06,-9.748620076577E-01,1.735715082766E-01,7.524429315309E-02
2.456361166667E+06,-9.750101626571E-01,1.729231413508E-01,7.496321594978E-02
2.456361208333E+06,-9.751578038139E-01,1.722746818786E-01,7.468209891904E-02
2.456361250000E+06,-9.753049310502E-01,1.716261302266E-01,7.440094221938E-02
2.456361291667E+06,-9.754515442885E-01,1.709774867613E-01,7.411974600934E-02
2.456361333333E+06,-9.755976434519E-01,1.703287518494E-01,7.383851044754E-02
2.456361375000E+06,-9.757432284642E-01,1.696799258579E-01,7.355723569262E-02
2.456361416667E+06,-9.758882992495E-01,1.690310091539E-01,7.327592190328E-02
2.456361458333E+06,-9.760328557328E-01,1.683820021047E-01,7.299456923825E-02
2.456361500000E+06,-9.761768978393E-01,1.677329050777E-01,7.271317785632E-02
2.456361541667E+06,-9.763204254951E-01,1.670837184406E-01,7.243174791630E-02
2.456361583333E+06,-9.764634386268E-01,1.664344425612E-01,7.215027957705E-02
2.456361625000E+06,-9.766059371614E-01,1.657850778073E-01,7.186877299748E-02
2.456361666667E+06,-9.767479210267E-01,1.651356245472E-01,7.158722833650E-02
2.456361708333E+06,-9.768893901510E-01,1.644860831490E-01,7.130564575309E-02
2.456361750000E+06,-9.770303444630E-01,1.638364539810E-01,7.102402540625E-02
2.456361791667E+06,-9.771707838924E-01,1.631867374120E-01,7.074236745501E-02
2.456361833333E+06,-9.773107083691E-01,1.625369338105E-01,7.046067205842E-02
2.456361875000E+06,-9.774501178236E-01,1.618870435452E-01,7.017893937558E-02
2.456361916667E+06,-9.775890121873E-01,1.612370669853E-01,6.989716956559E-02
2.456361958333E+06,-9.777273913918E-01,1.605870044996E-01,6.961536278762E-02
2.456362000000E+06,-9.778652553696E-01,1.599368564575E-01,6.933351920081E-02
2.456362041667E+06,-9.780026040536E-01,1.592866232281E-01,6.905163896435E-02
2.456362083333E+06,-9.781394373772E-01,1.586363051810E-01,6.876972223747E-02
2.456362125000E+06,-9.782757552748E-01,1.579859026856E-01,6.848776917937E-02
2.456362166667E+06,-9.784115576808E-01,1.573354161116E-01,6.820577994932E-02
2.456362208333E+06,-9.785468445307E-01,1.566848458287E-01,6.792375470657E-02
2.456362250000E+06,-9.786816157603E-01,1.560341922068E-01,6.764169361041E-02
2.456362291667E+06,-9.788158713061E-01,1.553834556157E-01,6.735959682012E-02
2.456362333333E+06,-9.789496111051E-01,1.547326364256E-01,6.707746449501E-02
2.456362375000E+06,-9.790828350949E-01,1.540817350065E-01,6.679529679440E-02
2.456362416667E+06,-9.792155432139E-01,1.534307517285E-01,6.651309387761E-02
2.456362458333E+06,-9.793477354007E-01,1.527796869621E-01,6.623085590397E-02
2.456362500000E+06,-9.794794115949E-01,1.521285410776E-01,6.594858303284E-02
2.456362541667E+06,-9.796105717363E-01,1.514773144453E-01,6.566627542354E-02
2.456362583333E+06,-9.797412157656E-01,1.508260074357E-01,6.538393323544E-02
2.456362625000E+06,-9.798713436240E-01,1.501746204195E-01,6.510155662788E-02
2.456362666667E+06,-9.800009552531E-01,1.495231537672E-01,6.481914576022E-02
2.456362708333E+06,-9.801300505953E-01,1.488716078496E-01,6.453670079182E-02
2.456362750000E+06,-9.802586295935E-01,1.482199830373E-01,6.425422188202E-02
2.456362791667E+06,-9.803866921913E-01,1.475682797011E-01,6.397170919017E-02
2.456362833333E+06,-9.805142383327E-01,1.469164982119E-01,6.368916287562E-02
2.456362875000E+06,-9.806412679624E-01,1.462646389406E-01,6.340658309771E-02
2.456362916667E+06,-9.807677810257E-01,1.456127022579E-01,6.312397001577E-02
2.456362958333E+06,-9.808937774683E-01,1.449606885350E-01,6.284132378913E-02
2.456363000000E+06,-9.810192572367E-01,1.443085981427E-01,6.255864457710E-02
2.456363041667E+06,-9.811442202780E-01,1.436564314520E-01,6.227593253899E-02
2.456363083333E+06,-9.812686665397E-01,1.430041888341E-01,6.199318783409E-02
2.456363125000E+06,-9.813925959699E-01,1.423518706599E-01,6.171041062168E-02
2.456363166667E+06,-9.815160085174E-01,1.416994773005E-01,6.142760106103E-02
2.456363208333E+06,-9.816389041315E-01,1.410470091270E-01,6.114475931138E-02
2.456363250000E+06,-9.817612827622E-01,1.403944665104E-01,6.086188553197E-02
2.456363291667E+06,-9.818831443598E-01,1.397418498220E-01,6.057897988201E-02
2.456363333333E+06,-9.820044888755E-01,1.390891594327E-01,6.029604252071E-02
2.456363375000E+06,-9.821253162608E-01,1.384363957137E-01,6.001307360723E-02
2.456363416667E+06,-9.822456264679E-01,1.377835590360E-01,5.973007330074E-02
2.456363458333E+06,-9.823654194496E-01,1.371306497709E-01,5.944704176035E-02
2.456363500000E+06,-9.824846951593E-01,1.364776682892E-01,5.916397914519E-02
2.456363541667E+06,-9.826034535508E-01,1.358246149622E-01,5.888088561432E-02
2.456363583333E+06,-9.827216945786E-01,1.351714901609E-01,5.859776132682E-02
2.456363625000E+06,-9.828394181977E-01,1.345182942562E-01,5.831460644171E-02
2.456363666667E+06,-9.829566243637E-01,1.338650276193E-01,5.803142111799E-02
2.456363708333E+06,-9.830733130328E-01,1.332116906211E-01,5.774820551463E-02
2.456363750000E+06,-9.831894841617E-01,1.325582836325E-01,5.746495979058E-02
2.456363791667E+06,-9.833051377077E-01,1.319048070244E-01,5.718168410475E-02
2.456363833333E+06,-9.834202736286E-01,1.312512611678E-01,5.689837861601E-02
2.456363875000E+06,-9.835348918828E-01,1.305976464336E-01,5.661504348321E-02
2.456363916667E+06,-9.836489924293E-01,1.299439631924E-01,5.633167886516E-02
2.456363958333E+06,-9.837625752275E-01,1.292902118151E-01,5.604828492064E-02
2.456364000000E+06,-9.838756402375E-01,1.286363926724E-01,5.576486180839E-02
2.456364041667E+06,-9.839881874199E-01,1.279825061349E-01,5.548140968710E-02
2.456364083333E+06,-9.841002167359E-01,1.273285525733E-01,5.519792871545E-02
2.456364125000E+06,-9.842117281471E-01,1.266745323581E-01,5.491441905206E-02
2.456364166667E+06,-9.843227216158E-01,1.260204458598E-01,5.463088085551E-02
2.456364208333E+06,-9.844331971047E-01,1.253662934489E-01,5.434731428434E-02
2.456364250000E+06,-9.845431545773E-01,1.247120754957E-01,5.406371949708E-02
2.456364291667E+06,-9.846525939973E-01,1.240577923705E-01,5.378009665216E-02
2.456364333333E+06,-9.847615153291E-01,1.234034444436E-01,5.349644590801E-02
2.456364375000E+06,-9.848699185377E-01,1.227490320852E-01,5.321276742301E-02
2.456364416667E+06,-9.849778035886E-01,1.220945556653E-01,5.292906135547E-02
2.456364458333E+06,-9.850851704477E-01,1.214400155539E-01,5.264532786369E-02
2.456364500000E+06,-9.851920190815E-01,1.207854121210E-01,5.236156710590E-02
2.456364541667E+06,-9.852983494571E-01,1.201307457364E-01,5.207777924029E-02
2.456364583333E+06,-9.854041615421E-01,1.194760167699E-01,5.179396442500E-02
2.456364625000E+06,-9.855094553046E-01,1.188212255912E-01,5.151012281813E-02
2.456364666667E+06,-9.856142307131E-01,1.181663725699E-01,5.122625457771E-02
2.456364708333E+06,-9.857184877368E-01,1.175114580755E-01,5.094235986174E-02
2.456364750000E+06,-9.858222263454E-01,1.168564824773E-01,5.065843882817E-02
2.456364791667E+06,-9.859254465091E-01,1.162014461448E-01,5.037449163487E-02
2.456364833333E+06,-9.860281481984E-01,1.155463494471E-01,5.009051843971E-02
2.456364875000E+06,-9.861303313846E-01,1.148911927533E-01,4.980651940045E-02
2.456364916667E+06,-9.862319960393E-01,1.142359764325E-01,4.952249467483E-02
2.456364958333E+06,-9.863331421349E-01,1.135807008536E-01,4.923844442054E-02
2.456365000000E+06,-9.864337696438E-01,1.129253663854E-01,4.895436879520E-02
2.456365041667E+06,-9.865338785395E-01,1.122699733965E-01,4.867026795638E-02
2.456365083333E+06,-9.866334687955E-01,1.116145222556E-01,4.838614206159E-02
2.456365125000E+06,-9.867325403860E-01,1.109590133312E-01,4.810199126829E-02
2.456365166667E+06,-9.868310932858E-01,1.103034469915E-01,4.781781573389E-02
2.456365208333E+06,-9.869291274699E-01,1.096478236050E-01,4.753361561573E-02
2.456365250000E+06,-9.870266429142E-01,1.089921435396E-01,4.724939107110E-02
2.456365291667E+06,-9.871236395947E-01,1.083364071634E-01,4.696514225722E-02
2.456365333333E+06,-9.872201174880E-01,1.076806148444E-01,4.668086933128E-02
2.456365375000E+06,-9.873160765714E-01,1.070247669502E-01,4.639657245037E-02
2.456365416667E+06,-9.874115168223E-01,1.063688638486E-01,4.611225177157E-02
2.456365458333E+06,-9.875064382189E-01,1.057129059070E-01,4.582790745185E-02
2.456365500000E+06,-9.876008407398E-01,1.050568934929E-01,4.554353964815E-02
2.456365541667E+06,-9.876947243639E-01,1.044008269735E-01,4.525914851735E-02
2.456365583333E+06,-9.877880890707E-01,1.037447067160E-01,4.497473421625E-02
2.456365625000E+06,-9.878809348403E-01,1.030885330873E-01,4.469029690160E-02
2.456365666667E+06,-9.879732616531E-01,1.024323064545E-01,4.440583673010E-02
2.456365708333E+06,-9.880650694899E-01,1.017760271841E-01,4.412135385837E-02
2.456365750000E+06,-9.881563583321E-01,1.011196956428E-01,4.383684844298E-02
2.456365791667E+06,-9.882471281616E-01,1.004633121971E-01,4.355232064042E-02
2.456365833333E+06,-9.883373789606E-01,9.980687721330E-02,4.326777060713E-02
2.456365875000E+06,-9.884271107118E-01,9.915039105763E-02,4.298319849950E-02
2.456365916667E+06,-9.885163233986E-01,9.849385409614E-02,4.269860447383E-02
2.456365958333E+06,-9.886050170043E-01,9.783726669474E-02,4.241398868636E-02
2.456366000000E+06,-9.886931915133E-01,9.718062921921E-02,4.212935129329E-02
2.456366041667E+06,-9.887808469100E-01,9.652394203516E-02,4.184469245074E-02
2.456366083333E+06,-9.888679831794E-01,9.586720550811E-02,4.156001231475E-02
2.456366125000E+06,-9.889546003068E-01,9.521042000338E-02,4.127531104132E-02
2.456366166667E+06,-9.890406982783E-01,9.455358588617E-02,4.099058878637E-02
2.456366208333E+06,-9.891262770800E-01,9.389670352153E-02,4.070584570577E-02
2.456366250000E+06,-9.892113366987E-01,9.323977327436E-02,4.042108195530E-02
2.456366291667E+06,-9.892958771215E-01,9.258279550942E-02,4.013629769070E-02
2.456366333333E+06,-9.893798983361E-01,9.192577059130E-02,3.985149306764E-02
2.456366375000E+06,-9.894634003305E-01,9.126869888446E-02,3.956666824170E-02
2.456366416667E+06,-9.895463830932E-01,9.061158075319E-02,3.928182336842E-02
2.456366458333E+06,-9.896288466130E-01,8.995441656165E-02,3.899695860327E-02
2.456366500000E+06,-9.897107908792E-01,8.929720667383E-02,3.871207410164E-02
2.456366541667E+06,-9.897922158815E-01,8.863995145358E-02,3.842717001887E-02
2.456366583333E+06,-9.898731216101E-01,8.798265126457E-02,3.814224651022E-02
2.456366625000E+06,-9.899535080556E-01,8.732530647035E-02,3.785730373089E-02
2.456366666667E+06,-9.900333752088E-01,8.666791743428E-02,3.757234183602E-02
2.456366708333E+06,-9.901127230613E-01,8.601048451959E-02,3.728736098066E-02
2.456366750000E+06,-9.901915516047E-01,8.535300808934E-02,3.700236131983E-02
2.456366791667E+06,-9.902698608314E-01,8.469548850644E-02,3.671734300845E-02
2.456366833333E+06,-9.903476507338E-01,8.403792613363E-02,3.643230620139E-02
2.456366875000E+06,-9.904249213051E-01,8.338032133351E-02,3.614725105343E-02
2.456366916667E+06,-9.905016725386E-01,8.272267446851E-02,3.586217771932E-02
2.456366958333E+06,-9.905779044281E-01,8.206498590089E-02,3.557708635372E-02
2.456367000000E+06,-9.906536169679E-01,8.140725599277E-02,3.529197711122E-02
2.456367041667E+06,-9.907288101525E-01,8.074948510610E-02,3.500685014635E-02
2.456367083333E+06,-9.908034839770E-01,8.009167360267E-02,3.472170561358E-02
2.456367125000E+06,-9.908776384369E-01,7.943382184410E-02,3.443654366729E-02
2.456367166667E+06,-9.909512735277E-01,7.877593019187E-02,3.415136446181E-02
2.456367208333E+06,-9.910243892458E-01,7.811799900728E-02,3.386616815140E-02
2.456367250000E+06,-9.910969855878E-01,7.746002865147E-02,3.358095489026E-02
2.456367291667E+06,-9.911690625505E-01,7.680201948543E-02,3.329572483250E-02
2.456367333333E+06,-9.912406201313E-01,7.614397186997E-02,3.301047813219E-02
2.456367375000E+06,-9.913116583279E-01,7.548588616574E-02,3.272521494331E-02
2.456367416667E+06,-9.913821771385E-01,7.482776273325E-02,3.243993541979E-02
2.456367458333E+06,-9.914521765614E-01,7.416960193281E-02,3.215463971548E-02
2.456367500000E+06,-9.915216565956E-01,7.351140412459E-02,3.186932798416E-02
2.456367541667E+06,-9.915906172403E-01,7.285316966859E-02,3.158400037956E-02
2.456367583333E+06,-9.916590584951E-01,7.219489892464E-02,3.129865705534E-02
2.456367625000E+06,-9.917269803600E-01,7.153659225242E-02,3.101329816506E-02
2.456367666667E+06,-9.917943828353E-01,7.087825001143E-02,3.072792386227E-02
2.456367708333E+06,-9.918612659217E-01,7.021987256102E-02,3.044253430040E-02
2.456367750000E+06,-9.919276296203E-01,6.956146026035E-02,3.015712963283E-02
2.456367791667E+06,-9.919934739326E-01,6.890301346845E-02,2.987171001290E-02
2.456367833333E+06,-9.920587988603E-01,6.824453254415E-02,2.958627559384E-02
2.456367875000E+06,-9.921236044057E-01,6.758601784614E-02,2.930082652885E-02
2.456367916667E+06,-9.921878905713E-01,6.692746973293E-02,2.901536297102E-02
2.456367958333E+06,-9.922516573599E-01,6.626888856287E-02,2.872988507343E-02
2.456368000000E+06,-9.923149047749E-01,6.561027469414E-02,2.844439298904E-02
2.456368041667E+06,-9.923776328198E-01,6.495162848477E-02,2.815888687078E-02
2.456368083333E+06,-9.924398414987E-01,6.429295029261E-02,2.787336687149E-02
2.456368125000E+06,-9.925015308158E-01,6.363424047533E-02,2.758783314396E-02
2.456368166667E+06,-9.925627007757E-01,6.297549939046E-02,2.730228584090E-02
2.456368208333E+06,-9.926233513836E-01,6.231672739536E-02,2.701672511496E-02
2.456368250000E+06,-9.926834826448E-01,6.165792484721E-02,2.673115111873E-02
2.456368291667E+06,-9.927430945650E-01,6.099909210304E-02,2.644556400472E-02
2.456368333333E+06,-9.928021871502E-01,6.034022951969E-02,2.615996392538E-02
2.456368375000E+06,-9.928607604070E-01,5.968133745387E-02,2.587435103311E-02
2.456368416667E+06,-9.929188143420E-01,5.902241626208E-02,2.558872548020E-02
2.456368458333E+06,-9.929763489624E-01,5.836346630070E-02,2.530308741893E-02
2.456368500000E+06,-9.930333642755E-01,5.770448792590E-02,2.501743700148E-02
2.456368541667E+06,-9.930898602893E-01,5.704548149372E-02,2.473177437996E-02
2.456368583333E+06,-9.931458370117E-01,5.638644736002E-02,2.444609970643E-02
2.456368625000E+06,-9.932012944513E-01,5.572738588048E-02,2.416041313288E-02
2.456368666667E+06,-9.932562326168E-01,5.506829741063E-02,2.387471481124E-02
2.456368708333E+06,-9.933106515174E-01,5.440918230583E-02,2.358900489336E-02
2.456368750000E+06,-9.933645511626E-01,5.375004092127E-02,2.330328353103E-02
2.456368791667E+06,-9.934179315622E-01,5.309087361198E-02,2.301755087599E-02
2.456368833333E+06,-9.934707927262E-01,5.243168073283E-02,2.273180707989E-02
2.456368875000E+06,-9.935231346652E-01,5.177246263850E-02,2.244605229433E-02
2.456368916667E+06,-9.935749573899E-01,5.111321968353E-02,2.216028667084E-02
2.456368958333E+06,-9.936262609115E-01,5.045395222227E-02,2.187451036089E-02
2.456369000000E+06,-9.936770452415E-01,4.979466060893E-02,2.158872351587E-02
2.456369041667E+06,-9.937273103915E-01,4.913534519753E-02,2.130292628714E-02
2.456369083333E+06,-9.937770563738E-01,4.847600634194E-02,2.101711882594E-02
2.456369125000E+06,-9.938262832007E-01,4.781664439585E-02,2.073130128350E-02
2.456369166667E+06,-9.938749908850E-01,4.715725971280E-02,2.044547381095E-02
2.456369208333E+06,-9.939231794398E-01,4.649785264615E-02,2.015963655937E-02
2.456369250000E+06,-9.939708488785E-01,4.583842354910E-02,1.987378967977E-02
2.456369291667E+06,-9.940179992148E-01,4.517897277468E-02,1.958793332310E-02
2.456369333333E+06,-9.940646304627E-01,4.451950067576E-02,1.930206764024E-02
2.456369375000E+06,-9.941107426367E-01,4.386000760504E-02,1.901619278201E-02
2.456369416667E+06,-9.941563357513E-01,4.320049391505E-02,1.873030889916E-02
2.456369458333E+06,-9.942014098216E-01,4.254095995817E-02,1.844441614238E-02
2.456369500000E+06,-9.942459648629E-01,4.188140608659E-02,1.815851466230E-02
2.456369541667E+06,-9.942900008908E-01,4.122183265235E-02,1.787260460948E-02
2.456369583333E+06,-9.943335179213E-01,4.056224000732E-02,1.758668613440E-02
2.456369625000E+06,-9.943765159706E-01,3.990262850320E-02,1.730075938751E-02
2.456369666667E+06,-9.944189950554E-01,3.924299849153E-02,1.701482451917E-02
2.456369708333E+06,-9.944609551924E-01,3.858335032368E-02,1.672888167968E-02
2.456369750000E+06,-9.945023963989E-01,3.792368435085E-02,1.644293101928E-02
2.456369791667E+06,-9.945433186924E-01,3.726400092408E-02,1.615697268815E-02
2.456369833333E+06,-9.945837220907E-01,3.660430039424E-02,1.587100683640E-02
2.456369875000E+06,-9.946236066120E-01,3.594458311203E-02,1.558503361407E-02
2.456369916667E+06,-9.946629722746E-01,3.528484942799E-02,1.529905317115E-02
2.456369958333E+06,-9.947018190973E-01,3.462509969249E-02,1.501306565755E-02
2.456370000000E+06,-9.947401470992E-01,3.396533425574E-02,1.472707122312E-02
2.456370041667E+06,-9.947779562997E-01,3.330555346777E-02,1.444107001767E-02
2.456370083333E+06,-9.948152467183E-01,3.264575767845E-02,1.415506219090E-02
2.456370125000E+06,-9.948520183750E-01,3.198594723747E-02,1.386904789249E-02
2.456370166667E+06,-9.948882712902E-01,3.132612249439E-02,1.358302727204E-02
2.456370208333E+06,-9.949240054844E-01,3.066628379856E-02,1.329700047907E-02
2.456370250000E+06,-9.949592209784E-01,3.000643149918E-02,1.301096766305E-02
2.456370291667E+06,-9.949939177935E-01,2.934656594528E-02,1.272492897339E-02
2.456370333333E+06,-9.950280959511E-01,2.868668748574E-02,1.243888455944E-02
2.456370375000E+06,-9.950617554731E-01,2.802679646923E-02,1.215283457046E-02
2.456370416667E+06,-9.950948963814E-01,2.736689324430E-02,1.186677915566E-02
2.456370458333E+06,-9.951275186985E-01,2.670697815930E-02,1.158071846421E-02
2.456370500000E+06,-9.951596224471E-01,2.604705156242E-02,1.129465264518E-02
2.456370541667E+06,-9.951912076500E-01,2.538711380168E-02,1.100858184759E-02
2.456370583333E+06,-9.952222743307E-01,2.472716522494E-02,1.072250622040E-02
2.456370625000E+06,-9.952528225127E-01,2.406720617987E-02,1.043642591250E-02
2.456370666667E+06,-9.952828522198E-01,2.340723701400E-02,1.015034107271E-02
2.456370708333E+06,-9.953123634762E-01,2.274725807466E-02,9.864251849794E-03
2.456370750000E+06,-9.953413563063E-01,2.208726970904E-02,9.578158392455E-03
2.456370791667E+06,-9.953698307350E-01,2.142727226413E-02,9.292060849323E-03
2.456370833333E+06,-9.953977867872E-01,2.076726608676E-02,9.005959368965E-03
2.456370875000E+06,-9.954252244882E-01,2.010725152361E-02,8.719854099886E-03
2.456370916667E+06,-9.954521438638E-01,1.944722892116E-02,8.433745190525E-03
2.456370958333E+06,-9.954785449399E-01,1.878719862573E-02,8.147632789254E-03
2.456371000000E+06,-9.955044277426E-01,1.812716098347E-02,7.861517044383E-03
2.456371041667E+06,-9.955297922984E-01,1.746711634036E-02,7.575398104155E-03
2.456371083333E+06,-9.955546386342E-01,1.680706504221E-02,7.289276116750E-03
2.456371125000E+06,-9.955789667770E-01,1.614700743464E-02,7.003151230281E-03
2.456371166667E+06,-9.956027767541E-01,1.548694386311E-02,6.717023592796E-03
2.456371208333E+06,-9.956260685934E-01,1.482687467291E-02,6.430893352277E-03
2.456371250000E+06,-9.956488423226E-01,1.416680020915E-02,6.144760656643E-03
2.456371291667E+06,-9.956710979700E-01,1.350672081677E-02,5.858625653744E-03
2.456371333333E+06,-9.956928355641E-01,1.284663684053E-02,5.572488491366E-03
2.456371375000E+06,-9.957140551338E-01,1.218654862502E-02,5.286349317231E-03
2.456371416667E+06,-9.957347567081E-01,1.152645651466E-02,5.000208278992E-03
2.456371458333E+06,-9.957549403164E-01,1.086636085367E-02,4.714065524236E-03
2.456371500000E+06,-9.957746059883E-01,1.020626198613E-02,4.427921200487E-03
2.456371541667E+06,-9.957937537538E-01,9.546160255922E-03,4.141775455200E-03
2.456371583333E+06,-9.958123836431E-01,8.886056006745E-03,3.855628435763E-03
2.456371625000E+06,-9.958304956866E-01,8.225949582133E-03,3.569480289501E-03
2.456371666667E+06,-9.958480899152E-01,7.565841325440E-03,3.283331163668E-03
2.456371708333E+06,-9.958651663600E-01,6.905731579839E-03,2.997181205454E-03
2.456371750000E+06,-9.958817250521E-01,6.245620688326E-03,2.711030561982E-03
2.456371791667E+06,-9.958977660234E-01,5.585508993716E-03,2.424879380305E-03
2.456371833333E+06,-9.959132893056E-01,4.925396838644E-03,2.138727807412E-03
2.456371875000E+06,-9.959282949309E-01,4.265284565566E-03,1.852575990224E-03
2.456371916667E+06,-9.959427829319E-01,3.605172516757E-03,1.566424075593E-03
2.456371958333E+06,-9.959567533411E-01,2.945061034309E-03,1.280272210304E-03
2.456372000000E+06,-9.959702061916E-01,2.284950460132E-03,9.941205410742E-04
2.456372041667E+06,-9.959831415167E-01,1.624841135955E-03,7.079692145529E-04
2.456372083333E+06,-9.959955593499E-01,9.647334033229E-04,4.218183773209E-04
2.456372125000E+06,-9.960074597251E-01,3.046276035961E-04,1.356681758906E-04
2.456372166667E+06,-9.960188426762E-01,-3.554759220487E-04,-1.504812432939E-04
2.456372208333E+06,-9.960297082377E-01,-1.015576832620E-03,-4.366297338576E-04
2.456372250000E+06,-9.960400564443E-01,-1.675674787311E-03,-7.227771494941E-04
2.456372291667E+06,-9.960498873307E-01,-2.335769445503E-03,-1.008923343966E-03
2.456372333333E+06,-9.960592009323E-01,-2.995860466763E-03,-1.295068171107E-03
2.456372375000E+06,-9.960679972843E-01,-3.655947510844E-03,-1.581211484816E-03
2.456372416667E+06,-9.960762764225E-01,-4.316030237691E-03,-1.867353139066E-03
2.456372458333E+06,-9.960840383830E-01,-4.976108307434E-03,-2.153492987898E-03
2.456372500000E+06,-9.960912832018E-01,-5.636181380393E-03,-2.439630885423E-03
2.456372541667E+06,-9.960980109156E-01,-6.296249117081E-03,-2.725766685821E-03
2.456372583333E+06,-9.961042215611E-01,-6.956311178198E-03,-3.011900243346E-03
2.456372625000E+06,-9.961099151752E-01,-7.616367224638E-03,-3.298031412319E-03
2.456372666667E+06,-9.961150917954E-01,-8.276416917487E-03,-3.584160047133E-03
2.456372708333E+06,-9.961197514591E-01,-8.936459918022E-03,-3.870286002252E-03
2.456372750000E+06,-9.961238942041E-01,-9.596495887714E-03,-4.156409132212E-03
2.456372791667E+06,-9.961275200686E-01,-1.025652448823E-02,-4.442529291620E-03
2.456372833333E+06,-9.961306290908E-01,-1.091654538143E-02,-4.728646335153E-03
2.456372875000E+06,-9.961332213093E-01,-1.157655822937E-02,-5.014760117562E-03
2.456372916667E+06,-9.961352967630E-01,-1.223656269431E-02,-5.300870493670E-03
2.456372958333E+06,-9.961368554909E-01,-1.289655843869E-02,-5.586977318370E-03
2.456373000000E+06,-9.961378975324E-01,-1.355654512517E-02,-5.873080446629E-03
2.456373041667E+06,-9.961384229271E-01,-1.421652241658E-02,-6.159179733487E-03
2.456373083333E+06,-9.961384317149E-01,-1.487648997598E-02,-6.445275034056E-03
2.456373125000E+06,-9.961379239358E-01,-1.553644746661E-02,-6.731366203521E-03
2.456373166667E+06,-9.961368996302E-01,-1.619639455191E-02,-7.017453097141E-03
2.456373208333E+06,-9.961353588387E-01,-1.685633089555E-02,-7.303535570248E-03
2.456373250000E+06,-9.961333016021E-01,-1.751625616136E-02,-7.589613478248E-03
2.456373291667E+06,-9.961307279616E-01,-1.817617001340E-02,-7.875686676619E-03
2.456373333333E+06,-9.961276379584E-01,-1.883607211593E-02,-8.161755020917E-03
2.456373375000E+06,-9.961240316342E-01,-1.949596213341E-02,-8.447818366767E-03
2.456373416667E+06,-9.961199090307E-01,-2.015583973052E-02,-8.733876569874E-03
2.456373458333E+06,-9.961152701901E-01,-2.081570457212E-02,-9.019929486014E-03
2.456373500000E+06,-9.961101151546E-01,-2.147555632329E-02,-9.305976971039E-03
2.456373541667E+06,-9.961044439668E-01,-2.213539464933E-02,-9.592018880875E-03
2.456373583333E+06,-9.960982566695E-01,-2.279521921574E-02,-9.878055071526E-03
2.456373625000E+06,-9.960915533056E-01,-2.345502968821E-02,-1.016408539907E-02
2.456373666667E+06,-9.960843339184E-01,-2.411482573267E-02,-1.045010971966E-02
2.456373708333E+06,-9.960765985515E-01,-2.477460701524E-02,-1.073612788952E-02
2.456373750000E+06,-9.960683472484E-01,-2.543437320227E-02,-1.102213976496E-02
2.456373791667E+06,-9.960595800532E-01,-2.609412396031E-02,-1.130814520237E-02
2.456373833333E+06,-9.960502970100E-01,-2.675385895612E-02,-1.159414405819E-02
2.456373875000E+06,-9.960404981633E-01,-2.741357785667E-02,-1.188013618897E-02
2.456373916667E+06,-9.960301835576E-01,-2.807328032917E-02,-1.216612145132E-02
2.456373958333E+06,-9.960193532379E-01,-2.873296604103E-02,-1.245209970192E-02
2.456374000000E+06,-9.960080072491E-01,-2.939263465986E-02,-1.273807079754E-02
2.456374041667E+06,-9.959961456365E-01,-3.005228585352E-02,-1.302403459503E-02
2.456374083333E+06,-9.959837684458E-01,-3.071191929005E-02,-1.330999095129E-02
2.456374125000E+06,-9.959708757225E-01,-3.137153463775E-02,-1.359593972334E-02
2.456374166667E+06,-9.959574675127E-01,-3.203113156510E-02,-1.388188076825E-02
2.456374208333E+06,-9.959435438626E-01,-3.269070974082E-02,-1.416781394317E-02
2.456374250000E+06,-9.959291048184E-01,-3.335026883386E-02,-1.445373910533E-02
2.456374291667E+06,-9.959141504268E-01,-3.400980851336E-02,-1.473965611205E-02
2.456374333333E+06,-9.958986807346E-01,-3.466932844872E-02,-1.502556482071E-02
2.456374375000E+06,-9.958826957887E-01,-3.532882830953E-02,-1.531146508878E-02
2.456374416667E+06,-9.958661956364E-01,-3.598830776562E-02,-1.559735677380E-02
2.456374458333E+06,-9.958491803251E-01,-3.664776648705E-02,-1.588323973341E-02
2.456374500000E+06,-9.958316499024E-01,-3.730720414409E-02,-1.616911382530E-02
2.456374541667E+06,-9.958136044161E-01,-3.796662040723E-02,-1.645497890725E-02
2.456374583333E+06,-9.957950439143E-01,-3.862601494722E-02,-1.674083483713E-02
2.456374625000E+06,-9.957759684450E-01,-3.928538743499E-02,-1.702668147289E-02
2.456374666667E+06,-9.957563780568E-01,-3.994473754173E-02,-1.731251867253E-02
2.456374708333E+06,-9.957362727983E-01,-4.060406493885E-02,-1.759834629416E-02
2.456374750000E+06,-9.957156527181E-01,-4.126336929799E-02,-1.788416419596E-02
2.456374791667E+06,-9.956945178653E-01,-4.192265029100E-02,-1.816997223619E-02
2.456374833333E+06,-9.956728682891E-01,-4.258190758999E-02,-1.845577027318E-02
2.456374875000E+06,-9.956507040387E-01,-4.324114086728E-02,-1.874155816535E-02
2.456374916667E+06,-9.956280251637E-01,-4.390034979543E-02,-1.902733577121E-02
2.456374958333E+06,-9.956048317138E-01,-4.455953404721E-02,-1.931310294933E-02
2.456375000000E+06,-9.955811237390E-01,-4.521869329566E-02,-1.959885955836E-02
2.456375041667E+06,-9.955569012891E-01,-4.587782721401E-02,-1.988460545704E-02
2.456375083333E+06,-9.955321644146E-01,-4.653693547575E-02,-2.017034050420E-02
2.456375125000E+06,-9.955069131657E-01,-4.719601775459E-02,-2.045606455872E-02
2.456375166667E+06,-9.954811475930E-01,-4.785507372448E-02,-2.074177747958E-02
2.456375208333E+06,-9.954548677473E-01,-4.851410305961E-02,-2.102747912585E-02
2.456375250000E+06,-9.954280736795E-01,-4.917310543438E-02,-2.131316935665E-02
2.456375291667E+06,-9.954007654407E-01,-4.983208052344E-02,-2.159884803120E-02
2.456375333333E+06,-9.953729430820E-01,-5.049102800168E-02,-2.188451500880E-02
2.456375375000E+06,-9.953446066548E-01,-5.114994754422E-02,-2.217017014882E-02
2.456375416667E+06,-9.953157562106E-01,-5.180883882641E-02,-2.245581331072E-02
2.456375458333E+06,-9.952863918013E-01,-5.246770152383E-02,-2.274144435403E-02
2.456375500000E+06,-9.952565134785E-01,-5.312653531231E-02,-2.302706313836E-02
2.456375541667E+06,-9.952261212942E-01,-5.378533986791E-02,-2.331266952341E-02
2.456375583333E+06,-9.951952153006E-01,-5.444411486692E-02,-2.359826336896E-02
2.456375625000E+06,-9.951637955500E-01,-5.510285998587E-02,-2.388384453484E-02
2.456375666667E+06,-9.951318620947E-01,-5.576157490154E-02,-2.416941288099E-02
2.456375708333E+06,-9.950994149873E-01,-5.642025929091E-02,-2.445496826743E-02
2.456375750000E+06,-9.950664542804E-01,-5.707891283123E-02,-2.474051055423E-02
2.456375791667E+06,-9.950329800269E-01,-5.773753519997E-02,-2.502603960156E-02
2.456375833333E+06,-9.949989922797E-01,-5.839612607484E-02,-2.531155526967E-02
2.456375875000E+06,-9.949644910919E-01,-5.905468513379E-02,-2.559705741888E-02
2.456375916667E+06,-9.949294765166E-01,-5.971321205499E-02,-2.588254590958E-02
2.456375958333E+06,-9.948939486072E-01,-6.037170651687E-02,-2.616802060226E-02
2.456376000000E+06,-9.948579074170E-01,-6.103016819807E-02,-2.645348135747E-02
2.456376041667E+06,-9.948213529997E-01,-6.168859677748E-02,-2.673892803584E-02
2.456376083333E+06,-9.947842854088E-01,-6.234699193422E-02,-2.702436049808E-02
2.456376125000E+06,-9.947467046981E-01,-6.300535334765E-02,-2.730977860498E-02
2.456376166667E+06,-9.947086109215E-01,-6.366368069736E-02,-2.759518221738E-02
2.456376208333E+06,-9.946700041329E-01,-6.432197366316E-02,-2.788057119624E-02
2.456376250000E+06,-9.946308843865E-01,-6.498023192512E-02,-2.816594540256E-02
2.456376291667E+06,-9.945912517364E-01,-6.563845516353E-02,-2.845130469744E-02
2.456376333333E+06,-9.945511062368E-01,-6.629664305891E-02,-2.873664894202E-02
2.456376375000E+06,-9.945104479422E-01,-6.695479529201E-02,-2.902197799755E-02
2.456376416667E+06,-9.944692769069E-01,-6.761291154381E-02,-2.930729172534E-02
2.456376458333E+06,-9.944275931855E-01,-6.827099149554E-02,-2.959258998678E-02
2.456376500000E+06,-9.943853968326E-01,-6.892903482863E-02,-2.987787264331E-02
2.456376541667E+06,-9.943426879029E-01,-6.958704122477E-02,-3.016313955647E-02
2.456376583333E+06,-9.942994664512E-01,-7.024501036585E-02,-3.044839058786E-02
2.456376625000E+06,-9.942557325324E-01,-7.090294193400E-02,-3.073362559915E-02
2.456376666667E+06,-9.942114862013E-01,-7.156083561159E-02,-3.101884445209E-02
2.456376708333E+06,-9.941667275129E-01,-7.221869108119E-02,-3.130404700850E-02
2.456376750000E+06,-9.941214565224E-01,-7.287650802562E-02,-3.158923313025E-02
2.456376791667E+06,-9.940756732848E-01,-7.353428612790E-02,-3.187440267930E-02
2.456376833333E+06,-9.940293778553E-01,-7.419202507130E-02,-3.215955551768E-02
2.456376875000E+06,-9.939825702891E-01,-7.484972453928E-02,-3.244469150748E-02
2.456376916667E+06,-9.939352506416E-01,-7.550738421554E-02,-3.272981051086E-02
2.456376958333E+06,-9.938874189681E-01,-7.616500378400E-02,-3.301491239004E-02
2.456377000000E+06,-9.938390753239E-01,-7.682258292880E-02,-3.329999700732E-02
2.456377041667E+06,-9.937902197646E-01,-7.748012133428E-02,-3.358506422506E-02
2.456377083333E+06,-9.937408523455E-01,-7.813761868501E-02,-3.387011390568E-02
2.456377125000E+06,-9.936909731223E-01,-7.879507466578E-02,-3.415514591167E-02
2.456377166667E+06,-9.936405821504E-01,-7.945248896157E-02,-3.444016010558E-02
2.456377208333E+06,-9.935896794855E-01,-8.010986125760E-02,-3.472515635004E-02
2.456377250000E+06,-9.935382651831E-01,-8.076719123927E-02,-3.501013450771E-02
2.456377291667E+06,-9.934863392990E-01,-8.142447859221E-02,-3.529509444133E-02
2.456377333333E+06,-9.934339018887E-01,-8.208172300224E-02,-3.558003601371E-02
2.456377375000E+06,-9.933809530081E-01,-8.273892415541E-02,-3.586495908771E-02
2.456377416667E+06,-9.933274927127E-01,-8.339608173794E-02,-3.614986352623E-02
2.456377458333E+06,-9.932735210583E-01,-8.405319543628E-02,-3.643474919227E-02
2.456377500000E+06,-9.932190381007E-01,-8.471026493705E-02,-3.671961594886E-02
2.456377541667E+06,-9.931640438956E-01,-8.536728992710E-02,-3.700446365907E-02
2.456377583333E+06,-9.931085384988E-01,-8.602427009344E-02,-3.728929218607E-02
2.456377625000E+06,-9.930525219660E-01,-8.668120512331E-02,-3.757410139305E-02
2.456377666667E+06,-9.929959943529E-01,-8.733809470412E-02,-3.785889114326E-02
2.456377708333E+06,-9.929389557155E-01,-8.799493852346E-02,-3.814366130001E-02
2.456377750000E+06,-9.928814061093E-01,-8.865173626913E-02,-3.842841172666E-02
2.456377791667E+06,-9.928233455902E-01,-8.930848762910E-02,-3.871314228662E-02
2.456377833333E+06,-9.927647742138E-01,-8.996519229152E-02,-3.899785284335E-02
2.456377875000E+06,-9.927056920360E-01,-9.062184994473E-02,-3.928254326035E-02
2.456377916667E+06,-9.926460991125E-01,-9.127846027724E-02,-3.956721340118E-02
2.456377958333E+06,-9.925859954988E-01,-9.193502297775E-02,-3.985186312944E-02
2.456378000000E+06,-9.925253812508E-01,-9.259153773510E-02,-4.013649230877E-02
2.456378041667E+06,-9.924642564241E-01,-9.324800423832E-02,-4.042110080287E-02
2.456378083333E+06,-9.924026210742E-01,-9.390442217663E-02,-4.070568847548E-02
2.456378125000E+06,-9.923404752568E-01,-9.456079123936E-02,-4.099025519036E-02
2.456378166667E+06,-9.922778190275E-01,-9.521711111606E-02,-4.127480081133E-02
2.456378208333E+06,-9.922146524417E-01,-9.587338149640E-02,-4.155932520226E-02
2.456378250000E+06,-9.921509755551E-01,-9.652960207021E-02,-4.184382822703E-02
2.456378291667E+06,-9.920867884230E-01,-9.718577252750E-02,-4.212830974958E-02
2.456378333333E+06,-9.920220911008E-01,-9.784189255839E-02,-4.241276963388E-02
2.456378375000E+06,-9.919568836441E-01,-9.849796185319E-02,-4.269720774393E-02
2.456378416667E+06,-9.918911661080E-01,-9.915398010232E-02,-4.298162394377E-02
2.456378458333E+06,-9.918249385479E-01,-9.980994699636E-02,-4.326601809747E-02
2.456378500000E+06,-9.917582010191E-01,-1.004658622260E-01,-4.355039006913E-02
