2.4563455000E+06,-8.8405142056E-01,4.4379713847E-01,-1.0240634784E-05
2.4563455417E+06,-8.8438420723E-01,4.4315381287E-01,-1.0208308546E-05
2.4563455833E+06,-8.8471652538E-01,4.4251025458E-01,-1.0176176188E-05
2.4563456250E+06,-8.8504837486E-01,4.4186646392E-01,-1.0144238907E-05
2.4563456667E+06,-8.8537975553E-01,4.4122244126E-01,-1.0112497889E-05
2.4563457083E+06,-8.8571066725E-01,4.4057818692E-01,-1.0080954303E-05
2.4563457500E+06,-8.8604110988E-01,4.3993370124E-01,-1.0049609310E-05
2.4563457917E+06,-8.8637108329E-01,4.3928898458E-01,-1.0018464054E-05
2.4563458333E+06,-8.8670058732E-01,4.3864403727E-01,-9.9875196680E-06
2.4563458750E+06,-8.8702962185E-01,4.3799885964E-01,-9.9567772719E-06
2.4563459167E+06,-8.8735818674E-01,4.3735345206E-01,-9.9262379713E-06
2.4563459583E+06,-8.8768628184E-01,4.3670781484E-01,-9.8959028589E-06
2.4563460000E+06,-8.8801390701E-01,4.3606194834E-01,-9.8657730135E-06
2.4563460417E+06,-8.8834106213E-01,4.3541585290E-01,-9.8358495001E-06
2.4563460833E+06,-8.8866774704E-01,4.3476952885E-01,-9.8061333697E-06
2.4563461250E+06,-8.8899396161E-01,4.3412297654E-01,-9.7766256594E-06
2.4563461667E+06,-8.8931970571E-01,4.3347619631E-01,-9.7473273921E-06
2.4563462083E+06,-8.8964497919E-01,4.3282918850E-01,-9.7182395761E-06
2.4563462500E+06,-8.8996978193E-01,4.3218195345E-01,-9.6893632054E-06
2.4563462917E+06,-8.9029411377E-01,4.3153449150E-01,-9.6606992593E-06
2.4563463333E+06,-8.9061797460E-01,4.3088680298E-01,-9.6322487022E-06
2.4563463750E+06,-8.9094136426E-01,4.3023888825E-01,-9.6040124837E-06
2.4563464167E+06,-8.9126428262E-01,4.2959074763E-01,-9.5759915381E-06
2.4563464583E+06,-8.9158672955E-01,4.2894238148E-01,-9.5481867847E-06
2.4563465000E+06,-8.9190870491E-01,4.2829379013E-01,-9.5205991273E-06
2.4563465417E+06,-8.9223020856E-01,4.2764497391E-01,-9.4932294541E-06
2.4563465833E+06,-8.9255124038E-01,4.2699593318E-01,-9.4660786377E-06
2.4563466250E+06,-8.9287180021E-01,4.2634666826E-01,-9.4391475348E-06
2.4563466667E+06,-8.9319188794E-01,4.2569717950E-01,-9.4124369862E-06
2.4563467083E+06,-8.9351150342E-01,4.2504746724E-01,-9.3859478166E-06
2.4563467500E+06,-8.9383064652E-01,4.2439753182E-01,-9.3596808340E-06
2.4563467917E+06,-8.9414931711E-01,4.2374737357E-01,-9.3336368307E-06
2.4563468333E+06,-8.9446751504E-01,4.2309699284E-01,-9.3078165816E-06
2.4563468750E+06,-8.9478524020E-01,4.2244638996E-01,-9.2822208455E-06
2.4563469167E+06,-8.9510249243E-01,4.2179556527E-01,-9.2568503640E-06
2.4563469583E+06,-8.9541927162E-01,4.2114451912E-01,-9.2317058616E-06
2.4563470000E+06,-8.9573557762E-01,4.2049325183E-01,-9.2067880459E-06
2.4563470417E+06,-8.9605141030E-01,4.1984176376E-01,-9.1820976068E-06
2.4563470833E+06,-8.9636676953E-01,4.1919005523E-01,-9.1576352171E-06
2.4563471250E+06,-8.9668165518E-01,4.1853812659E-01,-9.1334015314E-06
2.4563471667E+06,-8.9699606712E-01,4.1788597817E-01,-9.1093971870E-06
2.4563472083E+06,-8.9731000520E-01,4.1723361031E-01,-9.0856228030E-06
2.4563472500E+06,-8.9762346930E-01,4.1658102336E-01,-9.0620789805E-06
2.4563472917E+06,-8.9793645930E-01,4.1592821764E-01,-9.0387663022E-06
2.4563473333E+06,-8.9824897504E-01,4.1527519349E-01,-9.0156853327E-06
2.4563473750E+06,-8.9856101641E-01,4.1462195126E-01,-8.9928366176E-06
2.4563474167E+06,-8.9887258327E-01,4.1396849128E-01,-8.9702206841E-06
2.4563474583E+06,-8.9918367549E-01,4.1331481389E-01,-8.9478380404E-06
2.4563475000E+06,-8.9949429294E-01,4.1266091943E-01,-8.9256891760E-06
2.4563475417E+06,-8.9980443549E-01,4.1200680823E-01,-8.9037745607E-06
2.4563475833E+06,-9.0011410300E-01,4.1135248063E-01,-8.8820946456E-06
2.4563476250E+06,-9.0042329535E-01,4.1069793696E-01,-8.8606498618E-06
2.4563476667E+06,-9.0073201241E-01,4.1004317757E-01,-8.8394406213E-06
2.4563477083E+06,-9.0104025404E-01,4.0938820280E-01,-8.8184673160E-06
2.4563477500E+06,-9.0134802011E-01,4.0873301297E-01,-8.7977303181E-06
2.4563477917E+06,-9.0165531050E-01,4.0807760842E-01,-8.7772299797E-06
2.4563478333E+06,-9.0196212508E-01,4.0742198950E-01,-8.7569666328E-06
2.4563478750E+06,-9.0226846371E-01,4.0676615653E-01,-8.7369405890E-06
2.4563479167E+06,-9.0257432626E-01,4.0611010985E-01,-8.7171521395E-06
2.4563479583E+06,-9.0287971261E-01,4.0545384981E-01,-8.6976015549E-06
2.4563480000E+06,-9.0318462263E-01,4.0479737673E-01,-8.6782890852E-06
2.4563480417E+06,-9.0348905618E-01,4.0414069096E-01,-8.6592149592E-06
2.4563480833E+06,-9.0379301314E-01,4.0348379282E-01,-8.6403793851E-06
2.4563481250E+06,-9.0409649338E-01,4.0282668266E-01,-8.6217825496E-06
2.4563481667E+06,-9.0439949677E-01,4.0216936081E-01,-8.6034246185E-06
2.4563482083E+06,-9.0470202318E-01,4.0151182760E-01,-8.5853057359E-06
2.4563482500E+06,-9.0500407248E-01,4.0085408337E-01,-8.5674260246E-06
2.4563482917E+06,-9.0530564455E-01,4.0019612846E-01,-8.5497855855E-06
2.4563483333E+06,-9.0560673925E-01,3.9953796320E-01,-8.5323844980E-06
2.4563483750E+06,-9.0590735646E-01,3.9887958792E-01,-8.5152228193E-06
2.4563484167E+06,-9.0620749605E-01,3.9822100297E-01,-8.4983005848E-06
2.4563484583E+06,-9.0650715789E-01,3.9756220867E-01,-8.4816178077E-06
2.4563485000E+06,-9.0680634185E-01,3.9690320537E-01,-8.4651744788E-06
2.4563485417E+06,-9.0710504781E-01,3.9624399339E-01,-8.4489705667E-06
2.4563485833E+06,-9.0740327563E-01,3.9558457307E-01,-8.4330060174E-06
2.4563486250E+06,-9.0770102520E-01,3.9492494475E-01,-8.4172807543E-06
2.4563486667E+06,-9.0799829638E-01,3.9426510875E-01,-8.4017946780E-06
2.4563487083E+06,-9.0829508904E-01,3.9360506543E-01,-8.3865476666E-06
2.4563487500E+06,-9.0859140307E-01,3.9294481510E-01,-8.3715395747E-06
2.4563487917E+06,-9.0888723832E-01,3.9228435810E-01,-8.3567702343E-06
2.4563488333E+06,-9.0918259468E-01,3.9162369477E-01,-8.3422394541E-06
2.4563488750E+06,-9.0947747201E-01,3.9096282544E-01,-8.3279470197E-06
2.4563489167E+06,-9.0977187020E-01,3.9030175045E-01,-8.3138926932E-06
2.4563489583E+06,-9.1006578910E-01,3.8964047012E-01,-8.3000762132E-06
2.4563490000E+06,-9.1035922861E-01,3.8897898480E-01,-8.2864972951E-06
2.4563490417E+06,-9.1065218858E-01,3.8831729481E-01,-8.2731556303E-06
2.4563490833E+06,-9.1094466890E-01,3.8765540049E-01,-8.2600508866E-06
2.4563491250E+06,-9.1123666943E-01,3.8699330218E-01,-8.2471827084E-06
2.4563491667E+06,-9.1152819006E-01,3.8633100020E-01,-8.2345507158E-06
2.4563492083E+06,-9.1181923065E-01,3.8566849489E-01,-8.2221545050E-06
2.4563492500E+06,-9.1210979107E-01,3.8500578659E-01,-8.2099936485E-06
2.4563492917E+06,-9.1239987121E-01,3.8434287562E-01,-8.1980676944E-06
2.4563493333E+06,-9.1268947093E-01,3.8367976232E-01,-8.1863761667E-06
2.4563493750E+06,-9.1297859011E-01,3.8301644702E-01,-8.1749185654E-06
2.4563494167E+06,-9.1326722863E-01,3.8235293006E-01,-8.1636943660E-06
2.4563494583E+06,-9.1355538635E-01,3.8168921177E-01,-8.1527030197E-06
2.4563495000E+06,-9.1384306315E-01,3.8102529248E-01,-8.1419439534E-06
2.4563495417E+06,-9.1413025891E-01,3.8036117252E-01,-8.1314165695E-06
2.4563495833E+06,-9.1441697350E-01,3.7969685223E-01,-8.1211202459E-06
2.4563496250E+06,-9.1470320679E-01,3.7903233194E-01,-8.1110543361E-06
2.4563496667E+06,-9.1498895866E-01,3.7836761198E-01,-8.1012181687E-06
2.4563497083E+06,-9.1527422898E-01,3.7770269268E-01,-8.0916110479E-06
2.4563497500E+06,-9.1555901763E-01,3.7703757438E-01,-8.0822322534E-06
2.4563497917E+06,-9.1584332448E-01,3.7637225741E-01,-8.0730810400E-06
2.4563498333E+06,-9.1612714941E-01,3.7570674210E-01,-8.0641566378E-06
2.4563498750E+06,-9.1641049228E-01,3.7504102879E-01,-8.0554582523E-06
2.4563499167E+06,-9.1669335298E-01,3.7437511780E-01,-8.0469850640E-06
2.4563499583E+06,-9.1697573138E-01,3.7370900946E-01,-8.0387362290E-06
2.4563500000E+06,-9.1725762736E-01,3.7304270412E-01,-8.0307108783E-06
2.4563500417E+06,-9.1753904078E-01,3.7237620210E-01,-8.0229081183E-06
2.4563500833E+06,-9.1781997152E-01,3.7170950373E-01,-8.0153270304E-06
2.4563501250E+06,-9.1810041946E-01,3.7104260935E-01,-8.0079666715E-06
2.4563501667E+06,-9.1838038447E-01,3.7037551929E-01,-8.0008260734E-06
2.4563502083E+06,-9.1865986643E-01,3.6970823387E-01,-7.9939042435E-06
2.4563502500E+06,-9.1893886521E-01,3.6904075344E-01,-7.9872001640E-06
2.4563502917E+06,-9.1921738069E-01,3.6837307832E-01,-7.9807127926E-06
2.4563503333E+06,-9.1949541274E-01,3.6770520885E-01,-7.9744410622E-06
2.4563503750E+06,-9.1977296123E-01,3.6703714535E-01,-7.9683838811E-06
2.4563504167E+06,-9.2005002604E-01,3.6636888816E-01,-7.9625401326E-06
2.4563504583E+06,-9.2032660705E-01,3.6570043761E-01,-7.9569086757E-06
2.4563505000E+06,-9.2060270413E-01,3.6503179404E-01,-7.9514883446E-06
2.4563505417E+06,-9.2087831715E-01,3.6436295777E-01,-7.9462779489E-06
2.4563505833E+06,-9.2115344599E-01,3.6369392913E-01,-7.9412762738E-06
2.4563506250E+06,-9.2142809052E-01,3.6302470846E-01,-7.9364820798E-06
2.4563506667E+06,-9.2170225063E-01,3.6235529609E-01,-7.9318941032E-06
2.4563507083E+06,-9.2197592617E-01,3.6168569235E-01,-7.9275110558E-06
2.4563507500E+06,-9.2224911703E-01,3.6101589757E-01,-7.9233316251E-06
2.4563507917E+06,-9.2252182309E-01,3.6034591208E-01,-7.9193544744E-06
2.4563508333E+06,-9.2279404421E-01,3.5967573622E-01,-7.9155782425E-06
2.4563508750E+06,-9.2306578028E-01,3.5900537032E-01,-7.9120015446E-06
2.4563509167E+06,-9.2333703116E-01,3.5833481470E-01,-7.9086229716E-06
2.4563509583E+06,-9.2360779673E-01,3.5766406971E-01,-7.9054410903E-06
2.4563510000E+06,-9.2387807687E-01,3.5699313566E-01,-7.9024544439E-06
2.4563510417E+06,-9.2414787145E-01,3.5632201290E-01,-7.8996615518E-06
2.4563510833E+06,-9.2441718034E-01,3.5565070176E-01,-7.8970609096E-06
2.4563511250E+06,-9.2468600343E-01,3.5497920256E-01,-7.8946509893E-06
2.4563511667E+06,-9.2495434057E-01,3.5430751564E-01,-7.8924302396E-06
2.4563512083E+06,-9.2522219166E-01,3.5363564133E-01,-7.8903970856E-06
2.4563512500E+06,-9.2548955656E-01,3.5296357997E-01,-7.8885499294E-06
2.4563512917E+06,-9.2575643515E-01,3.5229133187E-01,-7.8868871498E-06
2.4563513333E+06,-9.2602282730E-01,3.5161889739E-01,-7.8854071025E-06
2.4563513750E+06,-9.2628873288E-01,3.5094627684E-01,-7.8841081206E-06
2.4563514167E+06,-9.2655415178E-01,3.5027347056E-01,-7.8829885141E-06
2.4563514583E+06,-9.2681908386E-01,3.4960047888E-01,-7.8820465705E-06
2.4563515000E+06,-9.2708352900E-01,3.4892730214E-01,-7.8812805549E-06
2.4563515417E+06,-9.2734748708E-01,3.4825394066E-01,-7.8806887099E-06
2.4563515833E+06,-9.2761095797E-01,3.4758039478E-01,-7.8802692560E-06
2.4563516250E+06,-9.2787394153E-01,3.4690666483E-01,-7.8800203915E-06
2.4563516667E+06,-9.2813643766E-01,3.4623275115E-01,-7.8799402930E-06
2.4563517083E+06,-9.2839844621E-01,3.4555865406E-01,-7.8800271151E-06
2.4563517500E+06,-9.2865996708E-01,3.4488437389E-01,-7.8802789910E-06
2.4563517917E+06,-9.2892100012E-01,3.4420991099E-01,-7.8806940324E-06
2.4563518333E+06,-9.2918154521E-01,3.4353526568E-01,-7.8812703298E-06
2.4563518750E+06,-9.2944160223E-01,3.4286043829E-01,-7.8820059525E-06
2.4563519167E+06,-9.2970117105E-01,3.4218542917E-01,-7.8828989491E-06
2.4563519583E+06,-9.2996025155E-01,3.4151023863E-01,-7.8839473473E-06
2.4563520000E+06,-9.3021884360E-01,3.4083486701E-01,-7.8851491542E-06
2.4563520417E+06,-9.3047694707E-01,3.4015931466E-01,-7.8865023570E-06
2.4563520833E+06,-9.3073456184E-01,3.3948358189E-01,-7.8880049221E-06
2.4563521250E+06,-9.3099168778E-01,3.3880766905E-01,-7.8896547964E-06
2.4563521667E+06,-9.3124832477E-01,3.3813157646E-01,-7.8914499069E-06
2.4563522083E+06,-9.3150447267E-01,3.3745530446E-01,-7.8933881611E-06
2.4563522500E+06,-9.3176013137E-01,3.3677885339E-01,-7.8954674470E-06
2.4563522917E+06,-9.3201530073E-01,3.3610222357E-01,-7.8976856338E-06
2.4563523333E+06,-9.3226998063E-01,3.3542541534E-01,-7.9000405714E-06
2.4563523750E+06,-9.3252417095E-01,3.3474842904E-01,-7.9025300913E-06
2.4563524167E+06,-9.3277787155E-01,3.3407126499E-01,-7.9051520061E-06
2.4563524583E+06,-9.3303108232E-01,3.3339392354E-01,-7.9079041107E-06
2.4563525000E+06,-9.3328380312E-01,3.3271640502E-01,-7.9107841818E-06
2.4563525417E+06,-9.3353603382E-01,3.3203870975E-01,-7.9137899781E-06
2.4563525833E+06,-9.3378777431E-01,3.3136083809E-01,-7.9169192408E-06
2.4563526250E+06,-9.3403902445E-01,3.3068279035E-01,-7.9201696939E-06
2.4563526667E+06,-9.3428978412E-01,3.3000456688E-01,-7.9235390444E-06
2.4563527083E+06,-9.3454005319E-01,3.2932616801E-01,-7.9270249822E-06
2.4563527500E+06,-9.3478983153E-01,3.2864759407E-01,-7.9306251809E-06
2.4563527917E+06,-9.3503911903E-01,3.2796884541E-01,-7.9343372977E-06
2.4563528333E+06,-9.3528791554E-01,3.2728992235E-01,-7.9381589735E-06
2.4563528750E+06,-9.3553622095E-01,3.2661082523E-01,-7.9420878337E-06
2.4563529167E+06,-9.3578403512E-01,3.2593155439E-01,-7.9461214880E-06
2.4563529583E+06,-9.3603135794E-01,3.2525211016E-01,-7.9502575308E-06
2.4563530000E+06,-9.3627818927E-01,3.2457249289E-01,-7.9544935415E-06
2.4563530417E+06,-9.3652452898E-01,3.2389270290E-01,-7.9588270846E-06
2.4563530833E+06,-9.3677037696E-01,3.2321274053E-01,-7.9632557105E-06
2.4563531250E+06,-9.3701573306E-01,3.2253260612E-01,-7.9677769550E-06
2.4563531667E+06,-9.3726059718E-01,3.2185230000E-01,-7.9723883402E-06
2.4563532083E+06,-9.3750496917E-01,3.2117182252E-01,-7.9770873743E-06
2.4563532500E+06,-9.3774884891E-01,3.2049117401E-01,-7.9818715524E-06
2.4563532917E+06,-9.3799223628E-01,3.1981035480E-01,-7.9867383564E-06
2.4563533333E+06,-9.3823513115E-01,3.1912936524E-01,-7.9916852554E-06
2.4563533750E+06,-9.3847753338E-01,3.1844820567E-01,-7.9967097060E-06
2.4563534167E+06,-9.3871944286E-01,3.1776687641E-01,-8.0018091525E-06
2.4563534583E+06,-9.3896085946E-01,3.1708537781E-01,-8.0069810274E-06
2.4563535000E+06,-9.3920178304E-01,3.1640371021E-01,-8.0122227515E-06
2.4563535417E+06,-9.3944221349E-01,3.1572187395E-01,-8.0175317343E-06
2.4563535833E+06,-9.3968215067E-01,3.1503986936E-01,-8.0229053742E-06
2.4563536250E+06,-9.3992159445E-01,3.1435769678E-01,-8.0283410591E-06
2.4563536667E+06,-9.4016054472E-01,3.1367535656E-01,-8.0338361662E-06
2.4563537083E+06,-9.4039900134E-01,3.1299284903E-01,-8.0393880627E-06
2.4563537500E+06,-9.4063696418E-01,3.1231017453E-01,-8.0449941061E-06
2.4563537917E+06,-9.4087443313E-01,3.1162733341E-01,-8.0506516441E-06
2.4563538333E+06,-9.4111140804E-01,3.1094432599E-01,-8.0563580156E-06
2.4563538750E+06,-9.4134788880E-01,3.1026115263E-01,-8.0621105503E-06
2.4563539167E+06,-9.4158387527E-01,3.0957781367E-01,-8.0679065696E-06
2.4563539583E+06,-9.4181936734E-01,3.0889430944E-01,-8.0737433863E-06
2.4563540000E+06,-9.4205436486E-01,3.0821064028E-01,-8.0796183059E-06
2.4563540417E+06,-9.4228886772E-01,3.0752680655E-01,-8.0855286256E-06
2.4563540833E+06,-9.4252287579E-01,3.0684280857E-01,-8.0914716358E-06
2.4563541250E+06,-9.4275638894E-01,3.0615864669E-01,-8.0974446198E-06
2.4563541667E+06,-9.4298940704E-01,3.0547432126E-01,-8.1034448541E-06
2.4563542083E+06,-9.4322192996E-01,3.0478983262E-01,-8.1094696092E-06
2.4563542500E+06,-9.4345395759E-01,3.0410518110E-01,-8.1155161495E-06
2.4563542917E+06,-9.4368548978E-01,3.0342036705E-01,-8.1215817335E-06
2.4563543333E+06,-9.4391652642E-01,3.0273539082E-01,-8.1276636147E-06
2.4563543750E+06,-9.4414706738E-01,3.0205025275E-01,-8.1337590416E-06
2.4563544167E+06,-9.4437711252E-01,3.0136495318E-01,-8.1398652578E-06
2.4563544583E+06,-9.4460666173E-01,3.0067949246E-01,-8.1459795028E-06
2.4563545000E+06,-9.4483571488E-01,2.9999387093E-01,-8.1520990120E-06
2.4563545417E+06,-9.4506427183E-01,2.9930808893E-01,-8.1582210170E-06
2.4563545833E+06,-9.4529233247E-01,2.9862214682E-01,-8.1643427464E-06
2.4563546250E+06,-9.4551989665E-01,2.9793604493E-01,-8.1704614256E-06
2.4563546667E+06,-9.4574696427E-01,2.9724978362E-01,-8.1765742774E-06
2.4563547083E+06,-9.4597353519E-01,2.9656336322E-01,-8.1826785222E-06
2.4563547500E+06,-9.4619960928E-01,2.9587678409E-01,-8.1887713784E-06
2.4563547917E+06,-9.4642518642E-01,2.9519004656E-01,-8.1948500630E-06
2.4563548333E+06,-9.4665026648E-01,2.9450315100E-01,-8.2009117914E-06
2.4563548750E+06,-9.4687484933E-01,2.9381609774E-01,-8.2069537783E-06
2.4563549167E+06,-9.4709893485E-01,2.9312888713E-01,-8.2129732376E-06
2.4563549583E+06,-9.4732252291E-01,2.9244151952E-01,-8.2189673829E-06
2.4563550000E+06,-9.4754561338E-01,2.9175399526E-01,-8.2249334280E-06
2.4563550417E+06,-9.4776820614E-01,2.9106631469E-01,-8.2308685870E-06
2.4563550833E+06,-9.4799030106E-01,2.9037847817E-01,-8.2367700748E-06
2.4563551250E+06,-9.4821189802E-01,2.8969048605E-01,-8.2426351073E-06
2.4563551667E+06,-9.4843299688E-01,2.8900233867E-01,-8.2484609020E-06
2.4563552083E+06,-9.4865359753E-01,2.8831403638E-01,-8.2542446779E-06
2.4563552500E+06,-9.4887369983E-01,2.8762557953E-01,-8.2599836563E-06
2.4563552917E+06,-9.4909330366E-01,2.8693696848E-01,-8.2656750608E-06
2.4563553333E+06,-9.4931240889E-01,2.8624820357E-01,-8.2713161182E-06
2.4563553750E+06,-9.4953101541E-01,2.8555928515E-01,-8.2769040578E-06
2.4563554167E+06,-9.4974912307E-01,2.8487021359E-01,-8.2824361129E-06
2.4563554583E+06,-9.4996673176E-01,2.8418098922E-01,-8.2879095203E-06
2.4563555000E+06,-9.5018384135E-01,2.8349161240E-01,-8.2933215212E-06
2.4563555417E+06,-9.5040045172E-01,2.8280208348E-01,-8.2986693611E-06
2.4563555833E+06,-9.5061656274E-01,2.8211240282E-01,-8.3039502906E-06
2.4563556250E+06,-9.5083217428E-01,2.8142257076E-01,-8.3091615652E-06
2.4563556667E+06,-9.5104728622E-01,2.8073258767E-01,-8.3143004461E-06
2.4563557083E+06,-9.5126189843E-01,2.8004245390E-01,-8.3193642002E-06
2.4563557500E+06,-9.5147601079E-01,2.7935216979E-01,-8.3243501009E-06
2.4563557917E+06,-9.5168962318E-01,2.7866173571E-01,-8.3292554279E-06
2.4563558333E+06,-9.5190273547E-01,2.7797115200E-01,-8.3340774679E-06
2.4563558750E+06,-9.5211534753E-01,2.7728041903E-01,-8.3388135147E-06
2.4563559167E+06,-9.5232745924E-01,2.7658953715E-01,-8.3434608698E-06
2.4563559583E+06,-9.5253907048E-01,2.7589850672E-01,-8.3480168426E-06
2.4563560000E+06,-9.5275018111E-01,2.7520732809E-01,-8.3524787506E-06
2.4563560417E+06,-9.5296079103E-01,2.7451600161E-01,-8.3568439200E-06
2.4563560833E+06,-9.5317090010E-01,2.7382452766E-01,-8.3611096859E-06
2.4563561250E+06,-9.5338050820E-01,2.7313290657E-01,-8.3652733926E-06
2.4563561667E+06,-9.5358961520E-01,2.7244113872E-01,-8.3693323940E-06
2.4563562083E+06,-9.5379822099E-01,2.7174922445E-01,-8.3732840539E-06
2.4563562500E+06,-9.5400632544E-01,2.7105716413E-01,-8.3771257463E-06
2.4563562917E+06,-9.5421392842E-01,2.7036495812E-01,-8.3808548558E-06
2.4563563333E+06,-9.5442102981E-01,2.6967260677E-01,-8.3844687780E-06
2.4563563750E+06,-9.5462762950E-01,2.6898011045E-01,-8.3879649196E-06
2.4563564167E+06,-9.5483372735E-01,2.6828746951E-01,-8.3913406990E-06
2.4563564583E+06,-9.5503932324E-01,2.6759468432E-01,-8.3945935463E-06
2.4563565000E+06,-9.5524441706E-01,2.6690175523E-01,-8.3977209039E-06
2.4563565417E+06,-9.5544900868E-01,2.6620868261E-01,-8.4007202269E-06
2.4563565833E+06,-9.5565309797E-01,2.6551546682E-01,-8.4035889830E-06
2.4563566250E+06,-9.5585668482E-01,2.6482210822E-01,-8.4063246531E-06
2.4563566667E+06,-9.5605976911E-01,2.6412860718E-01,-8.4089247319E-06
2.4563567083E+06,-9.5626235071E-01,2.6343496404E-01,-8.4113867277E-06
2.4563567500E+06,-9.5646442950E-01,2.6274117919E-01,-8.4137081628E-06
2.4563567917E+06,-9.5666600536E-01,2.6204725298E-01,-8.4158865742E-06
2.4563568333E+06,-9.5686707816E-01,2.6135318577E-01,-8.4179195137E-06
2.4563568750E+06,-9.5706764780E-01,2.6065897794E-01,-8.4198045479E-06
2.4563569167E+06,-9.5726771415E-01,2.5996462984E-01,-8.4215392590E-06
2.4563569583E+06,-9.5746727708E-01,2.5927014184E-01,-8.4231212450E-06
2.4563570000E+06,-9.5766633648E-01,2.5857551430E-01,-8.4245481197E-06
2.4563570417E+06,-9.5786489224E-01,2.5788074759E-01,-8.4258175133E-06
2.4563570833E+06,-9.5806294421E-01,2.5718584208E-01,-8.4269270726E-06
2.4563571250E+06,-9.5826049230E-01,2.5649079814E-01,-8.4278744615E-06
2.4563571667E+06,-9.5845753638E-01,2.5579561612E-01,-8.4286573609E-06
2.4563572083E+06,-9.5865407633E-01,2.5510029641E-01,-8.4292734693E-06
2.4563572500E+06,-9.5885011204E-01,2.5440483935E-01,-8.4297205031E-06
2.4563572917E+06,-9.5904564337E-01,2.5370924533E-01,-8.4299961968E-06
2.4563573333E+06,-9.5924067023E-01,2.5301351471E-01,-8.4300983032E-06
2.4563573750E+06,-9.5943519248E-01,2.5231764787E-01,-8.4300245941E-06
2.4563574167E+06,-9.5962921001E-01,2.5162164516E-01,-8.4297728597E-06
2.4563574583E+06,-9.5982272271E-01,2.5092550696E-01,-8.4293409102E-06
2.4563575000E+06,-9.6001573045E-01,2.5022923364E-01,-8.4287265749E-06
2.4563575417E+06,-9.6020823313E-01,2.4953282558E-01,-8.4279277031E-06
2.4563575833E+06,-9.6040023061E-01,2.4883628313E-01,-8.4269421641E-06
2.4563576250E+06,-9.6059172279E-01,2.4813960667E-01,-8.4257678479E-06
2.4563576667E+06,-9.6078270956E-01,2.4744279658E-01,-8.4244026647E-06
2.4563577083E+06,-9.6097319078E-01,2.4674585323E-01,-8.4228445462E-06
2.4563577500E+06,-9.6116316636E-01,2.4604877698E-01,-8.4210914449E-06
2.4563577917E+06,-9.6135263618E-01,2.4535156821E-01,-8.4191413349E-06
2.4563578333E+06,-9.6154160011E-01,2.4465422730E-01,-8.4169922121E-06
2.4563578750E+06,-9.6173005805E-01,2.4395675462E-01,-8.4146420945E-06
2.4563579167E+06,-9.6191800987E-01,2.4325915054E-01,-8.4120890221E-06
2.4563579583E+06,-9.6210545548E-01,2.4256141543E-01,-8.4093310575E-06
2.4563580000E+06,-9.6229239475E-01,2.4186354967E-01,-8.4063662864E-06
2.4563580417E+06,-9.6247882757E-01,2.4116555364E-01,-8.4031928171E-06
2.4563580833E+06,-9.6266475382E-01,2.4046742771E-01,-8.3998087814E-06
2.4563581250E+06,-9.6285017341E-01,2.3976917226E-01,-8.3962123346E-06
2.4563581667E+06,-9.6303508620E-01,2.3907078767E-01,-8.3924016556E-06
2.4563582083E+06,-9.6321949210E-01,2.3837227430E-01,-8.3883749475E-06
2.4563582500E+06,-9.6340339098E-01,2.3767363254E-01,-8.3841304375E-06
2.4563582917E+06,-9.6358678274E-01,2.3697486276E-01,-8.3796663773E-06
2.4563583333E+06,-9.6376966727E-01,2.3627596535E-01,-8.3749810432E-06
2.4563583750E+06,-9.6395204445E-01,2.3557694068E-01,-8.3700727367E-06
2.4563584167E+06,-9.6413391418E-01,2.3487778913E-01,-8.3649397840E-06
2.4563584583E+06,-9.6431527635E-01,2.3417851107E-01,-8.3595805369E-06
2.4563585000E+06,-9.6449613084E-01,2.3347910690E-01,-8.3539933728E-06
2.4563585417E+06,-9.6467647755E-01,2.3277957698E-01,-8.3481766947E-06
2.4563585833E+06,-9.6485631637E-01,2.3207992170E-01,-8.3421289317E-06
2.4563586250E+06,-9.6503564718E-01,2.3138014144E-01,-8.3358485391E-06
2.4563586667E+06,-9.6521446989E-01,2.3068023657E-01,-8.3293339983E-06
2.4563587083E+06,-9.6539278439E-01,2.2998020749E-01,-8.3225838176E-06
2.4563587500E+06,-9.6557059056E-01,2.2928005457E-01,-8.3155965320E-06
2.4563587917E+06,-9.6574788830E-01,2.2857977819E-01,-8.3083707033E-06
2.4563588333E+06,-9.6592467751E-01,2.2787937873E-01,-8.3009049204E-06
2.4563588750E+06,-9.6610095807E-01,2.2717885659E-01,-8.2931977998E-06
2.4563589167E+06,-9.6627672989E-01,2.2647821214E-01,-8.2852479852E-06
2.4563589583E+06,-9.6645199285E-01,2.2577744576E-01,-8.2770541480E-06
2.4563590000E+06,-9.6662674686E-01,2.2507655784E-01,-8.2686149875E-06
2.4563590417E+06,-9.6680099180E-01,2.2437554876E-01,-8.2599292309E-06
2.4563590833E+06,-9.6697472758E-01,2.2367441891E-01,-8.2509956336E-06
2.4563591250E+06,-9.6714795408E-01,2.2297316868E-01,-8.2418129793E-06
2.4563591667E+06,-9.6732067122E-01,2.2227179844E-01,-8.2323800800E-06
2.4563592083E+06,-9.6749287887E-01,2.2157030858E-01,-8.2226957764E-06
2.4563592500E+06,-9.6766457695E-01,2.2086869949E-01,-8.2127589379E-06
2.4563592917E+06,-9.6783576535E-01,2.2016697156E-01,-8.2025684627E-06
2.4563593333E+06,-9.6800644397E-01,2.1946512517E-01,-8.1921232781E-06
2.4563593750E+06,-9.6817661270E-01,2.1876316071E-01,-8.1814223404E-06
2.4563594167E+06,-9.6834627145E-01,2.1806107856E-01,-8.1704646352E-06
2.4563594583E+06,-9.6851542012E-01,2.1735887912E-01,-8.1592491773E-06
2.4563595000E+06,-9.6868405860E-01,2.1665656277E-01,-8.1477750112E-06
2.4563595417E+06,-9.6885218680E-01,2.1595412990E-01,-8.1360412108E-06
2.4563595833E+06,-9.6901980462E-01,2.1525158089E-01,-8.1240468796E-06
2.4563596250E+06,-9.6918691196E-01,2.1454891614E-01,-8.1117911511E-06
2.4563596667E+06,-9.6935350873E-01,2.1384613604E-01,-8.0992731885E-06
2.4563597083E+06,-9.6951959481E-01,2.1314324098E-01,-8.0864921848E-06
2.4563597500E+06,-9.6968517013E-01,2.1244023134E-01,-8.0734473634E-06
2.4563597917E+06,-9.6985023458E-01,2.1173710752E-01,-8.0601379775E-06
2.4563598333E+06,-9.7001478806E-01,2.1103386990E-01,-8.0465633105E-06
2.4563598750E+06,-9.7017883049E-01,2.1033051888E-01,-8.0327226761E-06
2.4563599167E+06,-9.7034236176E-01,2.0962705485E-01,-8.0186154183E-06
2.4563599583E+06,-9.7050538178E-01,2.0892347820E-01,-8.0042409115E-06
2.4563600000E+06,-9.7066789046E-01,2.0821978932E-01,-7.9895985603E-06
2.4563600417E+06,-9.7082988770E-01,2.0751598860E-01,-7.9746878001E-06
2.4563600833E+06,-9.7099137341E-01,2.0681207644E-01,-7.9595080965E-06
2.4563601250E+06,-9.7115234751E-01,2.0610805322E-01,-7.9440589456E-06
2.4563601667E+06,-9.7131280988E-01,2.0540391935E-01,-7.9283398744E-06
2.4563602083E+06,-9.7147276045E-01,2.0469967522E-01,-7.9123504401E-06
2.4563602500E+06,-9.7163219913E-01,2.0399532121E-01,-7.8960902307E-06
2.4563602917E+06,-9.7179112582E-01,2.0329085772E-01,-7.8795588648E-06
2.4563603333E+06,-9.7194954043E-01,2.0258628515E-01,-7.8627559916E-06
2.4563603750E+06,-9.7210744287E-01,2.0188160389E-01,-7.8456812908E-06
2.4563604167E+06,-9.7226483306E-01,2.0117681433E-01,-7.8283344731E-06
2.4563604583E+06,-9.7242171091E-01,2.0047191688E-01,-7.8107152794E-06
2.4563605000E+06,-9.7257807633E-01,1.9976691191E-01,-7.7928234815E-06
2.4563605417E+06,-9.7273392922E-01,1.9906179984E-01,-7.7746588815E-06
2.4563605833E+06,-9.7288926951E-01,1.9835658105E-01,-7.7562213124E-06
2.4563606250E+06,-9.7304409711E-01,1.9765125595E-01,-7.7375106375E-06
2.4563606667E+06,-9.7319841193E-01,1.9694582492E-01,-7.7185267506E-06
2.4563607083E+06,-9.7335221389E-01,1.9624028837E-01,-7.6992695762E-06
2.4563607500E+06,-9.7350550290E-01,1.9553464668E-01,-7.6797390689E-06
2.4563607917E+06,-9.7365827888E-01,1.9482890027E-01,-7.6599352140E-06
2.4563608333E+06,-9.7381054174E-01,1.9412304952E-01,-7.6398580267E-06
2.4563608750E+06,-9.7396229141E-01,1.9341709483E-01,-7.6195075529E-06
2.4563609167E+06,-9.7411352779E-01,1.9271103660E-01,-7.5988838684E-06
2.4563609583E+06,-9.7426425082E-01,1.9200487522E-01,-7.5779870791E-06
2.4563610000E+06,-9.7441446039E-01,1.9129861110E-01,-7.5568173213E-06
2.4563610417E+06,-9.7456415645E-01,1.9059224464E-01,-7.5353747607E-06
2.4563610833E+06,-9.7471333889E-01,1.8988577622E-01,-7.5136595932E-06
2.4563611250E+06,-9.7486200766E-01,1.8917920626E-01,-7.4916720446E-06
2.4563611667E+06,-9.7501016266E-01,1.8847253515E-01,-7.4694123702E-06
2.4563612083E+06,-9.7515780381E-01,1.8776576328E-01,-7.4468808547E-06
2.4563612500E+06,-9.7530493105E-01,1.8705889106E-01,-7.4240778127E-06
2.4563612917E+06,-9.7545154429E-01,1.8635191889E-01,-7.4010035879E-06
2.4563613333E+06,-9.7559764345E-01,1.8564484716E-01,-7.3776585531E-06
2.4563613750E+06,-9.7574322846E-01,1.8493767628E-01,-7.3540431106E-06
2.4563614167E+06,-9.7588829925E-01,1.8423040665E-01,-7.3301576915E-06
2.4563614583E+06,-9.7603285573E-01,1.8352303866E-01,-7.3060027556E-06
2.4563615000E+06,-9.7617689784E-01,1.8281557271E-01,-7.2815787917E-06
2.4563615417E+06,-9.7632042550E-01,1.8210800922E-01,-7.2568863171E-06
2.4563615833E+06,-9.7646343863E-01,1.8140034857E-01,-7.2319258774E-06
2.4563616250E+06,-9.7660593716E-01,1.8069259117E-01,-7.2066980468E-06
2.4563616667E+06,-9.7674792103E-01,1.7998473742E-01,-7.1812034272E-06
2.4563617083E+06,-9.7688939015E-01,1.7927678772E-01,-7.1554426488E-06
2.4563617500E+06,-9.7703034446E-01,1.7856874247E-01,-7.1294163695E-06
2.4563617917E+06,-9.7717078389E-01,1.7786060207E-01,-7.1031252749E-06
2.4563618333E+06,-9.7731070837E-01,1.7715236693E-01,-7.0765700780E-06
2.4563618750E+06,-9.7745011782E-01,1.7644403745E-01,-7.0497515192E-06
2.4563619167E+06,-9.7758901219E-01,1.7573561402E-01,-7.0226703657E-06
2.4563619583E+06,-9.7772739139E-01,1.7502709705E-01,-6.9953274121E-06
2.4563620000E+06,-9.7786525537E-01,1.7431848694E-01,-6.9677234793E-06
2.4563620417E+06,-9.7800260405E-01,1.7360978410E-01,-6.9398594149E-06
2.4563620833E+06,-9.7813943738E-01,1.7290098892E-01,-6.9117360930E-06
2.4563621250E+06,-9.7827575527E-01,1.7219210181E-01,-6.8833544136E-06
2.4563621667E+06,-9.7841155768E-01,1.7148312318E-01,-6.8547153027E-06
2.4563622083E+06,-9.7854684453E-01,1.7077405341E-01,-6.8258197122E-06
2.4563622500E+06,-9.7868161576E-01,1.7006489293E-01,-6.7966686192E-06
2.4563622917E+06,-9.7881587131E-01,1.6935564212E-01,-6.7672630263E-06
2.4563623333E+06,-9.7894961111E-01,1.6864630139E-01,-6.7376039612E-06
2.4563623750E+06,-9.7908283509E-01,1.6793687115E-01,-6.7076924764E-06
2.4563624167E+06,-9.7921554321E-01,1.6722735180E-01,-6.6775296489E-06
2.4563624583E+06,-9.7934773540E-01,1.6651774373E-01,-6.6471165803E-06
2.4563625000E+06,-9.7947941159E-01,1.6580804736E-01,-6.6164543963E-06
2.4563625417E+06,-9.7961057174E-01,1.6509826309E-01,-6.5855442464E-06
2.4563625833E+06,-9.7974121577E-01,1.6438839132E-01,-6.5543873040E-06
2.4563626250E+06,-9.7987134362E-01,1.6367843246E-01,-6.5229847658E-06
2.4563626667E+06,-9.8000095525E-01,1.6296838690E-01,-6.4913378517E-06
2.4563627083E+06,-9.8013005060E-01,1.6225825505E-01,-6.4594478046E-06
2.4563627500E+06,-9.8025862959E-01,1.6154803731E-01,-6.4273158901E-06
2.4563627917E+06,-9.8038669219E-01,1.6083773410E-01,-6.3949433964E-06
2.4563628333E+06,-9.8051423833E-01,1.6012734580E-01,-6.3623316335E-06
2.4563628750E+06,-9.8064126796E-01,1.5941687283E-01,-6.3294819338E-06
2.4563629167E+06,-9.8076778103E-01,1.5870631560E-01,-6.2963956511E-06
2.4563629583E+06,-9.8089377747E-01,1.5799567449E-01,-6.2630741606E-06
2.4563630000E+06,-9.8101925724E-01,1.5728494992E-01,-6.2295188589E-06
2.4563630417E+06,-9.8114422028E-01,1.5657414229E-01,-6.1957311632E-06
2.4563630833E+06,-9.8126866654E-01,1.5586325200E-01,-6.1617125115E-06
2.4563631250E+06,-9.8139259597E-01,1.5515227946E-01,-6.1274643622E-06
2.4563631667E+06,-9.8151600852E-01,1.5444122507E-01,-6.0929881936E-06
2.4563632083E+06,-9.8163890413E-01,1.5373008924E-01,-6.0582855040E-06
2.4563632500E+06,-9.8176128276E-01,1.5301887237E-01,-6.0233578110E-06
2.4563632917E+06,-9.8188314436E-01,1.5230757486E-01,-5.9882066517E-06
2.4563633333E+06,-9.8200448888E-01,1.5159619712E-01,-5.9528335820E-06
2.4563633750E+06,-9.8212531626E-01,1.5088473954E-01,-5.9172401768E-06
2.4563634167E+06,-9.8224562647E-01,1.5017320254E-01,-5.8814280290E-06
2.4563634583E+06,-9.8236541945E-01,1.4946158652E-01,-5.8453987500E-06
2.4563635000E+06,-9.8248469516E-01,1.4874989189E-01,-5.8091539689E-06
2.4563635417E+06,-9.8260345355E-01,1.4803811903E-01,-5.7726953324E-06
2.4563635833E+06,-9.8272169458E-01,1.4732626837E-01,-5.7360245045E-06
2.4563636250E+06,-9.8283941820E-01,1.4661434030E-01,-5.6991431664E-06
2.4563636667E+06,-9.8295662436E-01,1.4590233523E-01,-5.6620530157E-06
2.4563637083E+06,-9.8307331303E-01,1.4519025355E-01,-5.6247557667E-06
2.4563637500E+06,-9.8318948416E-01,1.4447809568E-01,-5.5872531497E-06
2.4563637917E+06,-9.8330513771E-01,1.4376586202E-01,-5.5495469112E-06
2.4563638333E+06,-9.8342027363E-01,1.4305355297E-01,-5.5116388129E-06
2.4563638750E+06,-9.8353489188E-01,1.4234116893E-01,-5.4735306320E-06
2.4563639167E+06,-9.8364899243E-01,1.4162871031E-01,-5.4352241608E-06
2.4563639583E+06,-9.8376257523E-01,1.4091617751E-01,-5.3967212062E-06
2.4563640000E+06,-9.8387564024E-01,1.4020357094E-01,-5.3580235896E-06
2.4563640417E+06,-9.8398818742E-01,1.3949089099E-01,-5.3191331467E-06
2.4563640833E+06,-9.8410021674E-01,1.3877813807E-01,-5.2800517268E-06
2.4563641250E+06,-9.8421172815E-01,1.3806531259E-01,-5.2407811931E-06
2.4563641667E+06,-9.8432272162E-01,1.3735241494E-01,-5.2013234220E-06
2.4563642083E+06,-9.8443319710E-01,1.3663944554E-01,-5.1616803028E-06
2.4563642500E+06,-9.8454315458E-01,1.3592640477E-01,-5.1218537379E-06
2.4563642917E+06,-9.8465259400E-01,1.3521329305E-01,-5.0818456418E-06
2.4563643333E+06,-9.8476151533E-01,1.3450011078E-01,-5.0416579415E-06
2.4563643750E+06,-9.8486991854E-01,1.3378685836E-01,-5.0012925756E-06
2.4563644167E+06,-9.8497780359E-01,1.3307353619E-01,-4.9607514946E-06
2.4563644583E+06,-9.8508517045E-01,1.3236014468E-01,-4.9200366603E-06
2.4563645000E+06,-9.8519201908E-01,1.3164668422E-01,-4.8791500454E-06
2.4563645417E+06,-9.8529834946E-01,1.3093315523E-01,-4.8380936337E-06
2.4563645833E+06,-9.8540416154E-01,1.3021955810E-01,-4.7968694192E-06
2.4563646250E+06,-9.8550945530E-01,1.2950589323E-01,-4.7554794065E-06
2.4563646667E+06,-9.8561423071E-01,1.2879216103E-01,-4.7139256098E-06
2.4563647083E+06,-9.8571848774E-01,1.2807836189E-01,-4.6722100534E-06
2.4563647500E+06,-9.8582222635E-01,1.2736449623E-01,-4.6303347708E-06
2.4563647917E+06,-9.8592544651E-01,1.2665056444E-01,-4.5883018046E-06
2.4563648333E+06,-9.8602814820E-01,1.2593656692E-01,-4.5461132066E-06
2.4563648750E+06,-9.8613033138E-01,1.2522250407E-01,-4.5037710370E-06
2.4563649167E+06,-9.8623199604E-01,1.2450837631E-01,-4.4612773645E-06
2.4563649583E+06,-9.8633314213E-01,1.2379418401E-01,-4.4186342658E-06
2.4563650000E+06,-9.8643376964E-01,1.2307992760E-01,-4.3758438257E-06
2.4563650417E+06,-9.8653387854E-01,1.2236560747E-01,-4.3329081362E-06
2.4563650833E+06,-9.8663346880E-01,1.2165122401E-01,-4.2898292972E-06
2.4563651250E+06,-9.8673254039E-01,1.2093677764E-01,-4.2466094151E-06
2.4563651667E+06,-9.8683109329E-01,1.2022226874E-01,-4.2032506036E-06
2.4563652083E+06,-9.8692912747E-01,1.1950769773E-01,-4.1597549827E-06
2.4563652500E+06,-9.8702664291E-01,1.1879306500E-01,-4.1161246790E-06
2.4563652917E+06,-9.8712363959E-01,1.1807837096E-01,-4.0723618250E-06
2.4563653333E+06,-9.8722011749E-01,1.1736361599E-01,-4.0284685591E-06
2.4563653750E+06,-9.8731607657E-01,1.1664880051E-01,-3.9844470253E-06
2.4563654167E+06,-9.8741151682E-01,1.1593392491E-01,-3.9402993731E-06
2.4563654583E+06,-9.8750643822E-01,1.1521898959E-01,-3.8960277569E-06
2.4563655000E+06,-9.8760084074E-01,1.1450399495E-01,-3.8516343363E-06
2.4563655417E+06,-9.8769472436E-01,1.1378894139E-01,-3.8071212754E-06
2.4563655833E+06,-9.8778808907E-01,1.1307382931E-01,-3.7624907427E-06
2.4563656250E+06,-9.8788093484E-01,1.1235865911E-01,-3.7177449110E-06
2.4563656667E+06,-9.8797326165E-01,1.1164343119E-01,-3.6728859571E-06
2.4563657083E+06,-9.8806506949E-01,1.1092814594E-01,-3.6279160615E-06
2.4563657500E+06,-9.8815635833E-01,1.1021280377E-01,-3.5828374083E-06
2.4563657917E+06,-9.8824712816E-01,1.0949740508E-01,-3.5376521849E-06
2.4563658333E+06,-9.8833737896E-01,1.0878195025E-01,-3.4923625818E-06
2.4563658750E+06,-9.8842711071E-01,1.0806643969E-01,-3.4469707925E-06
2.4563659167E+06,-9.8851632340E-01,1.0735087381E-01,-3.4014790131E-06
2.4563659583E+06,-9.8860501700E-01,1.0663525299E-01,-3.3558894422E-06
2.4563660000E+06,-9.8869319151E-01,1.0591957763E-01,-3.3102042807E-06
2.4563660417E+06,-9.8878084691E-01,1.0520384813E-01,-3.2644257314E-06
2.4563660833E+06,-9.8886798318E-01,1.0448806489E-01,-3.2185559993E-06
2.4563661250E+06,-9.8895460031E-01,1.0377222831E-01,-3.1725972909E-06
2.4563661667E+06,-9.8904069828E-01,1.0305633878E-01,-3.1265518141E-06
2.4563662083E+06,-9.8912627708E-01,1.0234039670E-01,-3.0804217783E-06
2.4563662500E+06,-9.8921133670E-01,1.0162440247E-01,-3.0342093937E-06
2.4563662917E+06,-9.8929587712E-01,1.0090835648E-01,-2.9879168718E-06
2.4563663333E+06,-9.8937989834E-01,1.0019225913E-01,-2.9415464244E-06
2.4563663750E+06,-9.8946340033E-01,9.9476110818E-02,-2.8951002642E-06
2.4563664167E+06,-9.8954638309E-01,9.8759911936E-02,-2.8485806042E-06
2.4563664583E+06,-9.8962884661E-01,9.8043662882E-02,-2.8019896573E-06
2.4563665000E+06,-9.8971079088E-01,9.7327364053E-02,-2.7553296369E-06
2.4563665417E+06,-9.8979221588E-01,9.6611015842E-02,-2.7086027558E-06
2.4563665833E+06,-9.8987312161E-01,9.5894618646E-02,-2.6618112267E-06
2.4563666250E+06,-9.8995350806E-01,9.5178172861E-02,-2.6149572618E-06
2.4563666667E+06,-9.9003337521E-01,9.4461678880E-02,-2.5680430726E-06
2.4563667083E+06,-9.9011272306E-01,9.3745137100E-02,-2.5210708698E-06
2.4563667500E+06,-9.9019155160E-01,9.3028547914E-02,-2.4740428631E-06
2.4563667917E+06,-9.9026986083E-01,9.2311911718E-02,-2.4269612610E-06
2.4563668333E+06,-9.9034765073E-01,9.1595228906E-02,-2.3798282709E-06
2.4563668750E+06,-9.9042492131E-01,9.0878499872E-02,-2.3326460987E-06
2.4563669167E+06,-9.9050167254E-01,9.0161725010E-02,-2.2854169486E-06
2.4563669583E+06,-9.9057790443E-01,8.9444904714E-02,-2.2381430231E-06
2.4563670000E+06,-9.9065361697E-01,8.8728039378E-02,-2.1908265229E-06
2.4563670417E+06,-9.9072881015E-01,8.8011129396E-02,-2.1434696466E-06
2.4563670833E+06,-9.9080348398E-01,8.7294175160E-02,-2.0960745908E-06
2.4563671250E+06,-9.9087763844E-01,8.6577177064E-02,-2.0486435496E-06
2.4563671667E+06,-9.9095127353E-01,8.5860135501E-02,-2.0011787147E-06
2.4563672083E+06,-9.9102438925E-01,8.5143050863E-02,-1.9536822755E-06
2.4563672500E+06,-9.9109698559E-01,8.4425923545E-02,-1.9061564183E-06
2.4563672917E+06,-9.9116906255E-01,8.3708753937E-02,-1.8586033268E-06
2.4563673333E+06,-9.9124062013E-01,8.2991542433E-02,-1.8110251819E-06
2.4563673750E+06,-9.9131165833E-01,8.2274289424E-02,-1.7634241612E-06
2.4563674167E+06,-9.9138217714E-01,8.1556995302E-02,-1.7158024392E-06
2.4563674583E+06,-9.9145217656E-01,8.0839660460E-02,-1.6681621871E-06
2.4563675000E+06,-9.9152165660E-01,8.0122285289E-02,-1.6205055726E-06
2.4563675417E+06,-9.9159061724E-01,7.9404870180E-02,-1.5728347600E-06
2.4563675833E+06,-9.9165905850E-01,7.8687415524E-02,-1.5251519099E-06
2.4563676250E+06,-9.9172698036E-01,7.7969921713E-02,-1.4774591791E-06
2.4563676667E+06,-9.9179438284E-01,7.7252389138E-02,-1.4297587206E-06
2.4563677083E+06,-9.9186126592E-01,7.6534818189E-02,-1.3820526834E-06
2.4563677500E+06,-9.9192762962E-01,7.5817209257E-02,-1.3343432124E-06
2.4563677917E+06,-9.9199347393E-01,7.5099562732E-02,-1.2866324483E-06
2.4563678333E+06,-9.9205879886E-01,7.4381879004E-02,-1.2389225277E-06
2.4563678750E+06,-9.9212360441E-01,7.3664158464E-02,-1.1912155827E-06
2.4563679167E+06,-9.9218789057E-01,7.2946401501E-02,-1.1435137409E-06
2.4563679583E+06,-9.9225165736E-01,7.2228608504E-02,-1.0958191253E-06
2.4563680000E+06,-9.9231490477E-01,7.1510779865E-02,-1.0481338545E-06
2.4563680417E+06,-9.9237763282E-01,7.0792915971E-02,-1.0004600421E-06
2.4563680833E+06,-9.9243984150E-01,7.0075017211E-02,-9.5279979703E-07
2.4563681250E+06,-9.9250153082E-01,6.9357083976E-02,-9.0515522315E-07
2.4563681667E+06,-9.9256270078E-01,6.8639116653E-02,-8.5752841941E-07
2.4563682083E+06,-9.9262335138E-01,6.7921115631E-02,-8.0992147969E-07
2.4563682500E+06,-9.9268348264E-01,6.7203081299E-02,-7.6233649269E-07
2.4563682917E+06,-9.9274309456E-01,6.6485014044E-02,-7.1477554183E-07
2.4563683333E+06,-9.9280218715E-01,6.5766914255E-02,-6.6724070526E-07
2.4563683750E+06,-9.9286076041E-01,6.5048782320E-02,-6.1973405565E-07
2.4563684167E+06,-9.9291881434E-01,6.4330618626E-02,-5.7225766026E-07
2.4563684583E+06,-9.9297634896E-01,6.3612423561E-02,-5.2481358079E-07
2.4563685000E+06,-9.9303336428E-01,6.2894197512E-02,-4.7740387330E-07
2.4563685417E+06,-9.9308986029E-01,6.2175940867E-02,-4.3003058817E-07
2.4563685833E+06,-9.9314583701E-01,6.1457654011E-02,-3.8269576998E-07
2.4563686250E+06,-9.9320129445E-01,6.0739337333E-02,-3.3540145754E-07
2.4563686667E+06,-9.9325623262E-01,6.0020991219E-02,-2.8814968371E-07
2.4563687083E+06,-9.9331065152E-01,5.9302616055E-02,-2.4094247539E-07
2.4563687500E+06,-9.9336455116E-01,5.8584212228E-02,-1.9378185348E-07
2.4563687917E+06,-9.9341793156E-01,5.7865780123E-02,-1.4666983278E-07
2.4563688333E+06,-9.9347079273E-01,5.7147320126E-02,-9.9608421916E-08
2.4563688750E+06,-9.9352313467E-01,5.6428832624E-02,-5.2599623301E-08
2.4563689167E+06,-9.9357495739E-01,5.5710318001E-02,-5.6454331013E-09
2.4563689583E+06,-9.9362626091E-01,5.4991776643E-02,4.1252158886E-08
2.4563690000E+06,-9.9367704524E-01,5.4273208936E-02,8.8091169239E-08
2.4563690417E+06,-9.9372731039E-01,5.3554615264E-02,1.3486962099E-07
2.4563690833E+06,-9.9377705637E-01,5.2835996012E-02,1.8158554367E-07
2.4563691250E+06,-9.9382628320E-01,5.2117351565E-02,2.2823697338E-07
2.4563691667E+06,-9.9387499089E-01,5.1398682307E-02,2.7482195281E-07
2.4563692083E+06,-9.9392317944E-01,5.0679988623E-02,3.2133853136E-07
2.4563692500E+06,-9.9397084888E-01,4.9961270896E-02,3.6778476513E-07
2.4563692917E+06,-9.9401799921E-01,4.9242529511E-02,4.1415871693E-07
2.4563693333E+06,-9.9406463046E-01,4.8523764852E-02,4.6045845656E-07
2.4563693750E+06,-9.9411074264E-01,4.7804977301E-02,5.0668206049E-07
2.4563694167E+06,-9.9415633575E-01,4.7086167243E-02,5.5282761225E-07
2.4563694583E+06,-9.9420140982E-01,4.6367335061E-02,5.9889320232E-07
2.4563695000E+06,-9.9424596486E-01,4.5648481137E-02,6.4487692816E-07
2.4563695417E+06,-9.9429000089E-01,4.4929605855E-02,6.9077689433E-07
2.4563695833E+06,-9.9433351792E-01,4.4210709597E-02,7.3659121250E-07
2.4563696250E+06,-9.9437651597E-01,4.3491792746E-02,7.8231800151E-07
2.4563696667E+06,-9.9441899506E-01,4.2772855684E-02,8.2795538740E-07
2.4563697083E+06,-9.9446095519E-01,4.2053898793E-02,8.7350150349E-07
2.4563697500E+06,-9.9450239640E-01,4.1334922456E-02,9.1895449037E-07
2.4563697917E+06,-9.9454331869E-01,4.0615927053E-02,9.6431249599E-07
2.4563698333E+06,-9.9458372209E-01,3.9896912967E-02,1.0095736757E-06
2.4563698750E+06,-9.9462360661E-01,3.9177880580E-02,1.0547361923E-06
2.4563699167E+06,-9.9466297227E-01,3.8458830272E-02,1.0997982161E-06
2.4563699583E+06,-9.9470181910E-01,3.7739762424E-02,1.1447579249E-06
2.4563700000E+06,-9.9474014710E-01,3.7020677418E-02,1.1896135039E-06
2.4563700417E+06,-9.9477795630E-01,3.6301575634E-02,1.2343631463E-06
2.4563700833E+06,-9.9481524672E-01,3.5582457453E-02,1.2790050527E-06
2.4563701250E+06,-9.9485201838E-01,3.4863323255E-02,1.3235374314E-06
2.4563701667E+06,-9.9488827129E-01,3.4144173420E-02,1.3679584986E-06
2.4563702083E+06,-9.9492400548E-01,3.3425008328E-02,1.4122664781E-06
2.4563702500E+06,-9.9495922098E-01,3.2705828360E-02,1.4564596017E-06
2.4563702917E+06,-9.9499391779E-01,3.1986633895E-02,1.5005361090E-06
2.4563703333E+06,-9.9502809595E-01,3.1267425311E-02,1.5444942476E-06
2.4563703750E+06,-9.9506175547E-01,3.0548202990E-02,1.5883322729E-06
2.4563704167E+06,-9.9509489638E-01,2.9828967309E-02,1.6320484486E-06
2.4563704583E+06,-9.9512751870E-01,2.9109718648E-02,1.6756410463E-06
2.4563705000E+06,-9.9515962245E-01,2.8390457385E-02,1.7191083455E-06
2.4563705417E+06,-9.9519120765E-01,2.7671183899E-02,1.7624486343E-06
2.4563705833E+06,-9.9522227433E-01,2.6951898569E-02,1.8056602086E-06
2.4563706250E+06,-9.9525282251E-01,2.6232601772E-02,1.8487413729E-06
2.4563706667E+06,-9.9528285222E-01,2.5513293887E-02,1.8916904395E-06
2.4563707083E+06,-9.9531236348E-01,2.4793975291E-02,1.9345057296E-06
2.4563707500E+06,-9.9534135631E-01,2.4074646363E-02,1.9771855724E-06
2.4563707917E+06,-9.9536983073E-01,2.3355307479E-02,2.0197283056E-06
2.4563708333E+06,-9.9539778679E-01,2.2635959017E-02,2.0621322756E-06
2.4563708750E+06,-9.9542522449E-01,2.1916601354E-02,2.1043958369E-06
2.4563709167E+06,-9.9545214386E-01,2.1197234868E-02,2.1465173531E-06
2.4563709583E+06,-9.9547854494E-01,2.0477859934E-02,2.1884951961E-06
2.4563710000E+06,-9.9550442774E-01,1.9758476930E-02,2.2303277465E-06
2.4563710417E+06,-9.9552979230E-01,1.9039086231E-02,2.2720133936E-06
2.4563710833E+06,-9.9555463863E-01,1.8319688215E-02,2.3135505358E-06
2.4563711250E+06,-9.9557896678E-01,1.7600283256E-02,2.3549375799E-06
2.4563711667E+06,-9.9560277675E-01,1.6880871732E-02,2.3961729418E-06
2.4563712083E+06,-9.9562606859E-01,1.6161454017E-02,2.4372550464E-06
2.4563712500E+06,-9.9564884232E-01,1.5442030487E-02,2.4781823275E-06
2.4563712917E+06,-9.9567109797E-01,1.4722601517E-02,2.5189532280E-06
2.4563713333E+06,-9.9569283556E-01,1.4003167483E-02,2.5595661998E-06
2.4563713750E+06,-9.9571405513E-01,1.3283728759E-02,2.6000197041E-06
2.4563714167E+06,-9.9573475671E-01,1.2564285720E-02,2.6403122113E-06
2.4563714583E+06,-9.9575494032E-01,1.1844838740E-02,2.6804422010E-06
2.4563715000E+06,-9.9577460599E-01,1.1125388195E-02,2.7204081622E-06
2.4563715417E+06,-9.9579375375E-01,1.0405934458E-02,2.7602085934E-06
2.4563715833E+06,-9.9581238364E-01,9.6864779022E-03,2.7998420023E-06
2.4563716250E+06,-9.9583049569E-01,8.9670189028E-03,2.8393069064E-06
2.4563716667E+06,-9.9584808992E-01,8.2475578328E-03,2.8786018326E-06
2.4563717083E+06,-9.9586516636E-01,7.5280950657E-03,2.9177253176E-06
2.4563717500E+06,-9.9588172505E-01,6.8086309746E-03,2.9566759077E-06
2.4563717917E+06,-9.9589776602E-01,6.0891659326E-03,2.9954521590E-06
2.4563718333E+06,-9.9591328931E-01,5.3697003126E-03,3.0340526377E-06
2.4563718750E+06,-9.9592829493E-01,4.6502344871E-03,3.0724759195E-06
2.4563719167E+06,-9.9594278293E-01,3.9307688286E-03,3.1107205904E-06
2.4563719583E+06,-9.9595675334E-01,3.2113037093E-03,3.1487852463E-06
2.4563720000E+06,-9.9597020619E-01,2.4918395014E-03,3.1866684934E-06
2.4563720417E+06,-9.9598314152E-01,1.7723765766E-03,3.2243689480E-06
2.4563720833E+06,-9.9599555935E-01,1.0529153067E-03,3.2618852367E-06
2.4563721250E+06,-9.9600745973E-01,3.3345606307E-04,3.2992159965E-06
2.4563721667E+06,-9.9601884268E-01,-3.8600078296E-04,3.3363598748E-06
2.4563722083E+06,-9.9602970824E-01,-1.1054548603E-03,3.3733155295E-06
2.4563722500E+06,-9.9604005644E-01,-1.8249057981E-03,3.4100816291E-06
2.4563722917E+06,-9.9604988733E-01,-2.5443532257E-03,3.4466568529E-06
2.4563723333E+06,-9.9605920093E-01,-3.2637967726E-03,3.4830398908E-06
2.4563723750E+06,-9.9606799728E-01,-3.9832360684E-03,3.5192294436E-06
2.4563724167E+06,-9.9607627642E-01,-4.7026707432E-03,3.5552242230E-06
2.4563724583E+06,-9.9608403838E-01,-5.4221004270E-03,3.5910229518E-06
2.4563725000E+06,-9.9609128320E-01,-6.1415247502E-03,3.6266243639E-06
2.4563725417E+06,-9.9609801092E-01,-6.8609433433E-03,3.6620272043E-06
2.4563725833E+06,-9.9610422156E-01,-7.5803558369E-03,3.6972302293E-06
2.4563726250E+06,-9.9610991518E-01,-8.2997618621E-03,3.7322322066E-06
2.4563726667E+06,-9.9611509180E-01,-9.0191610500E-03,3.7670319154E-06
2.4563727083E+06,-9.9611975146E-01,-9.7385530318E-03,3.8016281465E-06
2.4563727500E+06,-9.9612389420E-01,-1.0457937439E-02,3.8360197021E-06
2.4563727917E+06,-9.9612752007E-01,-1.1177313904E-02,3.8702053965E-06
2.4563728333E+06,-9.9613062909E-01,-1.1896682058E-02,3.9041840557E-06
2.4563728750E+06,-9.9613322131E-01,-1.2616041533E-02,3.9379545175E-06
2.4563729167E+06,-9.9613529676E-01,-1.3335391962E-02,3.9715156321E-06
2.4563729583E+06,-9.9613685549E-01,-1.4054732978E-02,4.0048662615E-06
2.4563730000E+06,-9.9613789753E-01,-1.4774064213E-02,4.0380052803E-06
2.4563730417E+06,-9.9613842293E-01,-1.5493385299E-02,4.0709315751E-06
2.4563730833E+06,-9.9613843171E-01,-1.6212695872E-02,4.1036440453E-06
2.4563731250E+06,-9.9613792394E-01,-1.6931995563E-02,4.1361416028E-06
2.4563731667E+06,-9.9613689963E-01,-1.7651284006E-02,4.1684231720E-06
2.4563732083E+06,-9.9613535884E-01,-1.8370560836E-02,4.2004876905E-06
2.4563732500E+06,-9.9613330160E-01,-1.9089825687E-02,4.2323341084E-06
2.4563732917E+06,-9.9613072796E-01,-1.9809078192E-02,4.2639613890E-06
2.4563733333E+06,-9.9612763796E-01,-2.0528317986E-02,4.2953685089E-06
2.4563733750E+06,-9.9612403163E-01,-2.1247544704E-02,4.3265544579E-06
2.4563734167E+06,-9.9611990903E-01,-2.1966757981E-02,4.3575182390E-06
2.4563734583E+06,-9.9611527019E-01,-2.2685957452E-02,4.3882588689E-06
2.4563735000E+06,-9.9611011515E-01,-2.3405142752E-02,4.4187753778E-06
2.4563735417E+06,-9.9610444397E-01,-2.4124313518E-02,4.4490668099E-06
2.4563735833E+06,-9.9609825667E-01,-2.4843469384E-02,4.4791322230E-06
2.4563736250E+06,-9.9609155331E-01,-2.5562609987E-02,4.5089706891E-06
2.4563736667E+06,-9.9608433392E-01,-2.6281734963E-02,4.5385812941E-06
2.4563737083E+06,-9.9607659855E-01,-2.7000843949E-02,4.5679631385E-06
2.4563737500E+06,-9.9606834725E-01,-2.7719936581E-02,4.5971153370E-06
2.4563737917E+06,-9.9605958005E-01,-2.8439012496E-02,4.6260370188E-06
2.4563738333E+06,-9.9605029701E-01,-2.9158071332E-02,4.6547273277E-06
2.4563738750E+06,-9.9604049816E-01,-2.9877112726E-02,4.6831854225E-06
2.4563739167E+06,-9.9603018356E-01,-3.0596136315E-02,4.7114104769E-06
2.4563739583E+06,-9.9601935324E-01,-3.1315141737E-02,4.7394016794E-06
2.4563740000E+06,-9.9600800725E-01,-3.2034128631E-02,4.7671582340E-06
2.4563740417E+06,-9.9599614564E-01,-3.2753096635E-02,4.7946793600E-06
2.4563740833E+06,-9.9598376845E-01,-3.3472045386E-02,4.8219642920E-06
2.4563741250E+06,-9.9597087572E-01,-3.4190974525E-02,4.8490122804E-06
2.4563741667E+06,-9.9595746751E-01,-3.4909883690E-02,4.8758225913E-06
2.4563742083E+06,-9.9594354386E-01,-3.5628772520E-02,4.9023945068E-06
2.4563742500E+06,-9.9592910482E-01,-3.6347640654E-02,4.9287273250E-06
2.4563742917E+06,-9.9591415043E-01,-3.7066487733E-02,4.9548203601E-06
2.4563743333E+06,-9.9589868073E-01,-3.7785313396E-02,4.9806729428E-06
2.4563743750E+06,-9.9588269579E-01,-3.8504117284E-02,5.0062844203E-06
2.4563744167E+06,-9.9586619564E-01,-3.9222899037E-02,5.0316541563E-06
2.4563744583E+06,-9.9584918033E-01,-3.9941658295E-02,5.0567815316E-06
2.4563745000E+06,-9.9583164990E-01,-4.0660394700E-02,5.0816659437E-06
2.4563745417E+06,-9.9581360442E-01,-4.1379107892E-02,5.1063068073E-06
2.4563745833E+06,-9.9579504391E-01,-4.2097797513E-02,5.1307035543E-06
2.4563746250E+06,-9.9577596845E-01,-4.2816463204E-02,5.1548556341E-06
2.4563746667E+06,-9.9575637806E-01,-4.3535104608E-02,5.1787625136E-06
2.4563747083E+06,-9.9573627280E-01,-4.4253721366E-02,5.2024236775E-06
2.4563747500E+06,-9.9571565272E-01,-4.4972313122E-02,5.2258386284E-06
2.4563747917E+06,-9.9569451787E-01,-4.5690879516E-02,5.2490068869E-06
2.4563748333E+06,-9.9567286829E-01,-4.6409420192E-02,5.2719279917E-06
2.4563748750E+06,-9.9565070404E-01,-4.7127934794E-02,5.2946015001E-06
2.4563749167E+06,-9.9562802516E-01,-4.7846422964E-02,5.3170269876E-06
2.4563749583E+06,-9.9560483171E-01,-4.8564884346E-02,5.3392040488E-06
2.4563750000E+06,-9.9558112374E-01,-4.9283318584E-02,5.3611322967E-06
2.4563750417E+06,-9.9555690129E-01,-5.0001725321E-02,5.3828113635E-06
2.4563750833E+06,-9.9553216441E-01,-5.0720104203E-02,5.4042409008E-06
2.4563751250E+06,-9.9550691317E-01,-5.1438454873E-02,5.4254205790E-06
2.4563751667E+06,-9.9548114759E-01,-5.2156776976E-02,5.4463500884E-06
2.4563752083E+06,-9.9545486775E-01,-5.2875070158E-02,5.4670291389E-06
2.4563752500E+06,-9.9542807368E-01,-5.3593334063E-02,5.4874574600E-06
2.4563752917E+06,-9.9540076544E-01,-5.4311568337E-02,5.5076348014E-06
2.4563753333E+06,-9.9537294308E-01,-5.5029772626E-02,5.5275609327E-06
2.4563753750E+06,-9.9534460665E-01,-5.5747946576E-02,5.5472356441E-06
2.4563754167E+06,-9.9531575621E-01,-5.6466089833E-02,5.5666587459E-06
2.4563754583E+06,-9.9528639180E-01,-5.7184202043E-02,5.5858300694E-06
2.4563755000E+06,-9.9525651348E-01,-5.7902282854E-02,5.6047494663E-06
2.4563755417E+06,-9.9522612129E-01,-5.8620331911E-02,5.6234168096E-06
2.4563755833E+06,-9.9519521530E-01,-5.9338348863E-02,5.6418319931E-06
2.4563756250E+06,-9.9516379555E-01,-6.0056333358E-02,5.6599949320E-06
2.4563756667E+06,-9.9513186209E-01,-6.0774285041E-02,5.6779055630E-06
2.4563757083E+06,-9.9509941499E-01,-6.1492203563E-02,5.6955638441E-06
2.4563757500E+06,-9.9506645428E-01,-6.2210088570E-02,5.7129697555E-06
2.4563757917E+06,-9.9503298003E-01,-6.2927939711E-02,5.7301232989E-06
2.4563758333E+06,-9.9499899228E-01,-6.3645756635E-02,5.7470244981E-06
2.4563758750E+06,-9.9496449109E-01,-6.4363538992E-02,5.7636733994E-06
2.4563759167E+06,-9.9492947652E-01,-6.5081286429E-02,5.7800700711E-06
2.4563759583E+06,-9.9489394861E-01,-6.5798998597E-02,5.7962146042E-06
2.4563760000E+06,-9.9485790742E-01,-6.6516675146E-02,5.8121071125E-06
2.4563760417E+06,-9.9482135300E-01,-6.7234315724E-02,5.8277477323E-06
2.4563760833E+06,-9.9478428541E-01,-6.7951919983E-02,5.8431366231E-06
2.4563761250E+06,-9.9474670470E-01,-6.8669487573E-02,5.8582739676E-06
2.4563761667E+06,-9.9470861092E-01,-6.9387018145E-02,5.8731599716E-06
2.4563762083E+06,-9.9467000413E-01,-7.0104511349E-02,5.8877948643E-06
2.4563762500E+06,-9.9463088439E-01,-7.0821966837E-02,5.9021788986E-06
2.4563762917E+06,-9.9459125174E-01,-7.1539384260E-02,5.9163123510E-06
2.4563763333E+06,-9.9455110624E-01,-7.2256763269E-02,5.9301955219E-06
2.4563763750E+06,-9.9451044794E-01,-7.2974103517E-02,5.9438287357E-06
2.4563764167E+06,-9.9446927691E-01,-7.3691404656E-02,5.9572123410E-06
2.4563764583E+06,-9.9442759319E-01,-7.4408666338E-02,5.9703467103E-06
2.4563765000E+06,-9.9438539683E-01,-7.5125888216E-02,5.9832322409E-06
2.4563765417E+06,-9.9434268790E-01,-7.5843069943E-02,5.9958693544E-06
2.4563765833E+06,-9.9429946645E-01,-7.6560211171E-02,6.0082584972E-06
2.4563766250E+06,-9.9425573253E-01,-7.7277311555E-02,6.0204001402E-06
2.4563766667E+06,-9.9421148620E-01,-7.7994370747E-02,6.0322947796E-06
2.4563767083E+06,-9.9416672751E-01,-7.8711388401E-02,6.0439429362E-06
2.4563767500E+06,-9.9412145652E-01,-7.9428364172E-02,6.0553451563E-06
2.4563767917E+06,-9.9407567328E-01,-8.0145297714E-02,6.0665020111E-06
2.4563768333E+06,-9.9402937786E-01,-8.0862188681E-02,6.0774140975E-06
2.4563768750E+06,-9.9398257029E-01,-8.1579036729E-02,6.0880820375E-06
2.4563769167E+06,-9.9393525064E-01,-8.2295841511E-02,6.0985064791E-06
2.4563769583E+06,-9.9388741897E-01,-8.3012602683E-02,6.1086880956E-06
2.4563770000E+06,-9.9383907532E-01,-8.3729319901E-02,6.1186275863E-06
2.4563770417E+06,-9.9379021976E-01,-8.4445992820E-02,6.1283256763E-06
2.4563770833E+06,-9.9374085235E-01,-8.5162621097E-02,6.1377831166E-06
2.4563771250E+06,-9.9369097312E-01,-8.5879204386E-02,6.1470006844E-06
2.4563771667E+06,-9.9364058215E-01,-8.6595742346E-02,6.1559791830E-06
2.4563772083E+06,-9.9358967949E-01,-8.7312234631E-02,6.1647194417E-06
2.4563772500E+06,-9.9353826518E-01,-8.8028680899E-02,6.1732223164E-06
2.4563772917E+06,-9.9348633930E-01,-8.8745080807E-02,6.1814886892E-06
2.4563773333E+06,-9.9343390189E-01,-8.9461434012E-02,6.1895194688E-06
2.4563773750E+06,-9.9338095301E-01,-9.0177740171E-02,6.1973155901E-06
2.4563774167E+06,-9.9332749271E-01,-9.0893998942E-02,6.2048780148E-06
2.4563774583E+06,-9.9327352106E-01,-9.1610209983E-02,6.2122077311E-06
2.4563775000E+06,-9.9321903810E-01,-9.2326372952E-02,6.2193057541E-06
2.4563775417E+06,-9.9316404390E-01,-9.3042487507E-02,6.2261731253E-06
2.4563775833E+06,-9.9310853850E-01,-9.3758553306E-02,6.2328109132E-06
2.4563776250E+06,-9.9305252197E-01,-9.4474570008E-02,6.2392202130E-06
2.4563776667E+06,-9.9299599435E-01,-9.5190537272E-02,6.2454021466E-06
2.4563777083E+06,-9.9293895572E-01,-9.5906454757E-02,6.2513578631E-06
2.4563777500E+06,-9.9288140611E-01,-9.6622322122E-02,6.2570885381E-06
2.4563777917E+06,-9.9282334559E-01,-9.7338139026E-02,6.2625953744E-06
2.4563778333E+06,-9.9276477421E-01,-9.8053905130E-02,6.2678796016E-06
2.4563778750E+06,-9.9270569204E-01,-9.8769620092E-02,6.2729424761E-06
2.4563779167E+06,-9.9264609911E-01,-9.9485283573E-02,6.2777852815E-06
2.4563779583E+06,-9.9258599550E-01,-1.0020089523E-01,6.2824093281E-06
2.4563780000E+06,-9.9252538125E-01,-1.0091645473E-01,6.2868159531E-06
2.4563780417E+06,-9.9246425642E-01,-1.0163196173E-01,6.2910065207E-06
2.4563780833E+06,-9.9240262107E-01,-1.0234741589E-01,6.2949824220E-06
2.4563781250E+06,-9.9234047526E-01,-1.0306281687E-01,6.2987450749E-06
2.4563781667E+06,-9.9227781903E-01,-1.0377816433E-01,6.3022959241E-06
2.4563782083E+06,-9.9221465244E-01,-1.0449345793E-01,6.3056364411E-06
2.4563782500E+06,-9.9215097556E-01,-1.0520869734E-01,6.3087681243E-06
2.4563782917E+06,-9.9208678842E-01,-1.0592388222E-01,6.3116924984E-06
2.4563783333E+06,-9.9202209110E-01,-1.0663901222E-01,6.3144111152E-06
2.4563783750E+06,-9.9195688364E-01,-1.0735408701E-01,6.3169255528E-06
2.4563784167E+06,-9.9189116611E-01,-1.0806910626E-01,6.3192374159E-06
2.4563784583E+06,-9.9182493855E-01,-1.0878406961E-01,6.3213483357E-06
2.4563785000E+06,-9.9175820102E-01,-1.0949897674E-01,6.3232599695E-06
