2.456345500000000E+06,-3.804807197584910E-02,-2.112562296329030E-01,-5.164229767279100E-01
2.456345541666660E+06,-3.757070312413530E-02,-2.100820403128970E-01,-5.159411341001610E-01
2.456345583333330E+06,-3.709322338164390E-02,-2.089072309300530E-01,-5.154577686445230E-01
2.456345625000000E+06,-3.661563361473630E-02,-2.077318018940230E-01,-5.149728742426980E-01
2.456345666666660E+06,-3.613793470060970E-02,-2.065557536310100E-01,-5.144864447462910E-01
2.456345708333330E+06,-3.566012752741030E-02,-2.053790865839850E-01,-5.139984739766720E-01
2.456345750000000E+06,-3.518221299434660E-02,-2.042018012129040E-01,-5.135089557248370E-01
2.456345791666660E+06,-3.470419201180410E-02,-2.030238979949250E-01,-5.130178837512680E-01
2.456345833333330E+06,-3.422606550146140E-02,-2.018453774246360E-01,-5.125252517857970E-01
2.456345875000000E+06,-3.374783439640750E-02,-2.006662400142730E-01,-5.120310535274620E-01
2.456345916666660E+06,-3.326949964125980E-02,-1.994864862939510E-01,-5.115352826443710E-01
2.456345958333330E+06,-3.279106219228380E-02,-1.983061168118960E-01,-5.110379327735640E-01
2.456346000000000E+06,-3.231252301751390E-02,-1.971251321346730E-01,-5.105389975208720E-01
2.456346041666660E+06,-3.183388309687480E-02,-1.959435328474230E-01,-5.100384704607790E-01
2.456346083333330E+06,-3.135514342230540E-02,-1.947613195541050E-01,-5.095363451362820E-01
2.456346125000000E+06,-3.087630499788250E-02,-1.935784928777310E-01,-5.090326150587550E-01
2.456346166666660E+06,-3.039736883994670E-02,-1.923950534606120E-01,-5.085272737078100E-01
2.456346208333330E+06,-2.991833597722930E-02,-1.912110019646080E-01,-5.080203145311560E-01
2.456346250000000E+06,-2.943920745098010E-02,-1.900263390713710E-01,-5.075117309444660E-01
2.456346291666660E+06,-2.895998431509730E-02,-1.888410654826030E-01,-5.070015163312340E-01
2.456346333333330E+06,-2.848066763625770E-02,-1.876551819203050E-01,-5.064896640426410E-01
2.456346375000000E+06,-2.800125849404900E-02,-1.864686891270430E-01,-5.059761673974160E-01
2.456346416666660E+06,-2.752175798110290E-02,-1.852815878662010E-01,-5.054610196817000E-01
2.456346458333330E+06,-2.704216720322980E-02,-1.840938789222510E-01,-5.049442141489090E-01
2.456346500000000E+06,-2.656248727955480E-02,-1.829055631010160E-01,-5.044257440195990E-01
2.456346541666660E+06,-2.608271934265480E-02,-1.817166412299440E-01,-5.039056024813270E-01
2.456346583333330E+06,-2.560286453869720E-02,-1.805271141583760E-01,-5.033837826885180E-01
2.456346625000000E+06,-2.512292402758010E-02,-1.793369827578280E-01,-5.028602777623300E-01
2.456346666666660E+06,-2.464289898307330E-02,-1.781462479222660E-01,-5.023350807905180E-01
2.456346708333330E+06,-2.416279059296150E-02,-1.769549105683920E-01,-5.018081848273020E-01
2.456346750000000E+06,-2.368260005918800E-02,-1.757629716359270E-01,-5.012795828932320E-01
2.456346791666660E+06,-2.320232859800080E-02,-1.745704320879030E-01,-5.007492679750530E-01
2.456346833333330E+06,-2.272197744009890E-02,-1.733772929109530E-01,-5.002172330255760E-01
2.456346875000000E+06,-2.224154783078170E-02,-1.721835551156080E-01,-4.996834709635450E-01
2.456346916666660E+06,-2.176104103009770E-02,-1.709892197365950E-01,-4.991479746735050E-01
2.456346958333330E+06,-2.128045831299700E-02,-1.697942878331430E-01,-4.986107370056730E-01
2.456347000000000E+06,-2.079980096948320E-02,-1.685987604892830E-01,-4.980717507758060E-01
2.456347041666660E+06,-2.031907030476800E-02,-1.674026388141620E-01,-4.975310087650740E-01
2.456347083333330E+06,-1.983826763942730E-02,-1.662059239423560E-01,-4.969885037199300E-01
2.456347125000000E+06,-1.935739430955810E-02,-1.650086170341830E-01,-4.964442283519840E-01
2.456347166666660E+06,-1.887645166693700E-02,-1.638107192760250E-01,-4.958981753378760E-01
2.456347208333330E+06,-1.839544107918130E-02,-1.626122318806530E-01,-4.953503373191510E-01
2.456347250000000E+06,-1.791436392991030E-02,-1.614131560875510E-01,-4.948007069021300E-01
2.456347291666660E+06,-1.743322161890880E-02,-1.602134931632500E-01,-4.942492766577930E-01
2.456347333333330E+06,-1.695201556229210E-02,-1.590132444016590E-01,-4.936960391216510E-01
2.456347375000000E+06,-1.647074719267250E-02,-1.578124111244070E-01,-4.931409867936250E-01
2.456347416666660E+06,-1.598941795932750E-02,-1.566109946811820E-01,-4.925841121379290E-01
2.456347458333330E+06,-1.550802932836950E-02,-1.554089964500800E-01,-4.920254075829460E-01
2.456347500000000E+06,-1.502658278291690E-02,-1.542064178379500E-01,-4.914648655211110E-01
2.456347541666660E+06,-1.454507982326730E-02,-1.530032602807540E-01,-4.909024783087950E-01
2.456347583333330E+06,-1.406352196707190E-02,-1.517995252439180E-01,-4.903382382661880E-01
2.456347625000000E+06,-1.358191074951210E-02,-1.505952142226980E-01,-4.897721376771870E-01
2.456347666666660E+06,-1.310024772347640E-02,-1.493903287425430E-01,-4.892041687892780E-01
2.456347708333330E+06,-1.261853445974110E-02,-1.481848703594660E-01,-4.886343238134290E-01
2.456347750000000E+06,-1.213677254715070E-02,-1.469788406604150E-01,-4.880625949239760E-01
2.456347791666660E+06,-1.165496359280090E-02,-1.457722412636540E-01,-4.874889742585200E-01
2.456347833333330E+06,-1.117310922222340E-02,-1.445650738191440E-01,-4.869134539178110E-01
2.456347875000000E+06,-1.069121107957210E-02,-1.433573400089260E-01,-4.863360259656510E-01
2.456347916666660E+06,-1.020927082781070E-02,-1.421490415475130E-01,-4.857566824287850E-01
2.456347958333330E+06,-9.727290148903090E-03,-1.409401801822860E-01,-4.851754152968010E-01
2.456348000000000E+06,-9.245270744004300E-03,-1.397307576938910E-01,-4.845922165220300E-01
2.456348041666660E+06,-8.763214333653770E-03,-1.385207758966410E-01,-4.840070780194460E-01
2.456348083333330E+06,-8.281122657970540E-03,-1.373102366389260E-01,-4.834199916665680E-01
2.456348125000000E+06,-7.798997476849790E-03,-1.360991418036220E-01,-4.828309493033710E-01
2.456348166666660E+06,-7.316840570161280E-03,-1.348874933085080E-01,-4.822399427321880E-01
2.456348208333330E+06,-6.834653737949850E-03,-1.336752931066880E-01,-4.816469637176220E-01
2.456348250000000E+06,-6.352438800637420E-03,-1.324625431870160E-01,-4.810520039864570E-01
2.456348291666660E+06,-5.870197599226780E-03,-1.312492455745220E-01,-4.804550552275710E-01
2.456348333333330E+06,-5.387931995507490E-03,-1.300354023308520E-01,-4.798561090918560E-01
2.456348375000000E+06,-4.905643872263370E-03,-1.288210155547020E-01,-4.792551571921300E-01
2.456348416666660E+06,-4.423335133481710E-03,-1.276060873822630E-01,-4.786521911030640E-01
2.456348458333330E+06,-3.941007704564780E-03,-1.263906199876720E-01,-4.780472023611040E-01
2.456348500000000E+06,-3.458663532542740E-03,-1.251746155834610E-01,-4.774401824643940E-01
2.456348541666660E+06,-2.976304586288510E-03,-1.239580764210170E-01,-4.768311228727080E-01
2.456348583333330E+06,-2.493932856734760E-03,-1.227410047910440E-01,-4.762200150073800E-01
2.456348625000000E+06,-2.011550357092540E-03,-1.215234030240280E-01,-4.756068502512380E-01
2.456348666666660E+06,-1.529159123071680E-03,-1.203052734907160E-01,-4.749916199485420E-01
2.456348708333330E+06,-1.046761213103540E-03,-1.190866186025840E-01,-4.743743154049230E-01
2.456348750000000E+06,-5.643587085652590E-04,-1.178674408123270E-01,-4.737549278873280E-01
2.456348791666660E+06,-8.195371400585250E-05,-1.166477426143410E-01,-4.731334486239610E-01
2.456348833333330E+06,4.004516426252770E-04,-1.154275265452180E-01,-4.725098688042390E-01
2.456348875000000E+06,8.828552097483870E-04,-1.142067951842410E-01,-4.718841795787410E-01
2.456348916666660E+06,1.365254811921460E-03,-1.129855511538900E-01,-4.712563720591620E-01
2.456348958333330E+06,1.847648249606020E-03,-1.117637971203430E-01,-4.706264373182780E-01
2.456349000000000E+06,2.330033298931250E-03,-1.105415357939960E-01,-4.699943663899030E-01
2.456349041666660E+06,2.812407711456370E-03,-1.093187699299740E-01,-4.693601502688600E-01
2.456349083333330E+06,3.294769213930490E-03,-1.080955023286600E-01,-4.687237799109480E-01
2.456349125000000E+06,3.777115508050990E-03,-1.068717358362160E-01,-4.680852462329200E-01
2.456349166666660E+06,4.259444270219960E-03,-1.056474733451260E-01,-4.674445401124560E-01
2.456349208333330E+06,4.741753151298210E-03,-1.044227177947260E-01,-4.668016523881490E-01
2.456349250000000E+06,5.224039776357770E-03,-1.031974721717530E-01,-4.661565738594910E-01
2.456349291666660E+06,5.706301744432400E-03,-1.019717395108940E-01,-4.655092952868610E-01
2.456349333333330E+06,6.188536628265730E-03,-1.007455228953390E-01,-4.648598073915200E-01
2.456349375000000E+06,6.670741974057810E-03,-9.951882545734510E-02,-4.642081008556130E-01
2.456349416666660E+06,7.152915301209730E-03,-9.829165037879790E-02,-4.635541663221710E-01
2.456349458333330E+06,7.635054102065820E-03,-9.706400089178730E-02,-4.628979943951180E-01
2.456349500000000E+06,8.117155841654290E-03,-9.583588027918220E-02,-4.622395756392860E-01
2.456349541666660E+06,8.599217957425880E-03,-9.460729187521320E-02,-4.615789005804310E-01
2.456349583333330E+06,9.081237858990140E-03,-9.337823906606170E-02,-4.609159597052590E-01
2.456349625000000E+06,9.563212927850220E-03,-9.214872529045270E-02,-4.602507434614500E-01
2.456349666666660E+06,1.004514051713540E-02,-9.091875404025500E-02,-4.595832422576940E-01
2.456349708333330E+06,1.052701795133170E-02,-8.968832886108620E-02,-4.589134464637300E-01
2.456349750000000E+06,1.100884252601050E-02,-8.845745335292310E-02,-4.582413464103890E-01
2.456349791666660E+06,1.149061150755540E-02,-8.722613117071890E-02,-4.575669323896420E-01
2.456349833333330E+06,1.197232213288670E-02,-8.599436602502530E-02,-4.568901946546570E-01
2.456349875000000E+06,1.245397160918440E-02,-8.476216168262040E-02,-4.562111234198630E-01
2.456349916666660E+06,1.293555711360890E-02,-8.352952196714250E-02,-4.555297088610100E-01
2.456349958333330E+06,1.341707579301960E-02,-8.229645075973070E-02,-4.548459411152520E-01
2.456350000000000E+06,1.389852476369260E-02,-8.106295199966910E-02,-4.541598102812150E-01
2.456350041666660E+06,1.437990111103480E-02,-7.982902968503910E-02,-4.534713064190950E-01
2.456350083333330E+06,1.486120188929750E-02,-7.859468787337620E-02,-4.527804195507400E-01
2.456350125000000E+06,1.534242412128740E-02,-7.735993068233330E-02,-4.520871396597570E-01
2.456350166666660E+06,1.582356479807600E-02,-7.612476229034990E-02,-4.513914566916110E-01
2.456350208333330E+06,1.630462087870650E-02,-7.488918693732630E-02,-4.506933605537450E-01
2.456350250000000E+06,1.678558928989990E-02,-7.365320892530510E-02,-4.499928411156940E-01
2.456350291666660E+06,1.726646692575820E-02,-7.241683261915780E-02,-4.492898882092170E-01
2.456350333333330E+06,1.774725064746600E-02,-7.118006244727730E-02,-4.485844916284260E-01
2.456350375000000E+06,1.822793728299100E-02,-6.994290290227660E-02,-4.478766411299340E-01
2.456350416666660E+06,1.870852362678140E-02,-6.870535854169320E-02,-4.471663264330030E-01
2.456350458333330E+06,1.918900643946240E-02,-6.746743398870030E-02,-4.464535372196990E-01
2.456350500000000E+06,1.966938244753090E-02,-6.622913393282230E-02,-4.457382631350620E-01
2.456350541666660E+06,2.014964834304780E-02,-6.499046313065780E-02,-4.450204937872780E-01
2.456350583333330E+06,2.062980078332900E-02,-6.375142640660800E-02,-4.443002187478610E-01
2.456350625000000E+06,2.110983639063490E-02,-6.251202865361080E-02,-4.435774275518480E-01
2.456350666666660E+06,2.158975175185750E-02,-6.127227483388120E-02,-4.428521096979910E-01
2.456350708333330E+06,2.206954341820640E-02,-6.003216997965730E-02,-4.421242546489740E-01
2.456350750000000E+06,2.254920790489250E-02,-5.879171919395280E-02,-4.413938518316260E-01
2.456350791666660E+06,2.302874169081120E-02,-5.755092765131470E-02,-4.406608906371490E-01
2.456350833333330E+06,2.350814121822250E-02,-5.630980059858740E-02,-4.399253604213550E-01
2.456350875000000E+06,2.398740289243080E-02,-5.506834335568250E-02,-4.391872505049120E-01
2.456350916666660E+06,2.446652308146210E-02,-5.382656131635460E-02,-4.384465501735990E-01
2.456350958333330E+06,2.494549811574060E-02,-5.258445994898270E-02,-4.377032486785740E-01
2.456351000000000E+06,2.542432428776320E-02,-5.134204479735760E-02,-4.369573352366460E-01
2.456351041666660E+06,2.590299785177250E-02,-5.009932148147510E-02,-4.362087990305690E-01
2.456351083333330E+06,2.638151502342890E-02,-4.885629569833520E-02,-4.354576292093300E-01
2.456351125000000E+06,2.685987197948080E-02,-4.761297322274640E-02,-4.347038148884650E-01
2.456351166666660E+06,2.733806485743350E-02,-4.636935990813610E-02,-4.339473451503700E-01
2.456351208333330E+06,2.781608975521710E-02,-4.512546168736730E-02,-4.331882090446410E-01
2.456351250000000E+06,2.829394273085280E-02,-4.388128457355940E-02,-4.324263955884050E-01
2.456351291666660E+06,2.877161980211830E-02,-4.263683466091610E-02,-4.316618937666810E-01
2.456351333333330E+06,2.924911694621130E-02,-4.139211812555800E-02,-4.308946925327420E-01
2.456351375000000E+06,2.972643009941290E-02,-4.014714122636150E-02,-4.301247808084910E-01
2.456351416666660E+06,3.020355515674890E-02,-3.890191030580130E-02,-4.293521474848530E-01
2.456351458333330E+06,3.068048797165100E-02,-3.765643179080120E-02,-4.285767814221750E-01
2.456351500000000E+06,3.115722435561600E-02,-3.641071219358730E-02,-4.277986714506400E-01
2.456351541666660E+06,3.163376007786470E-02,-3.516475811254850E-02,-4.270178063706960E-01
2.456351583333330E+06,3.211009086500010E-02,-3.391857623310130E-02,-4.262341749534960E-01
2.456351625000000E+06,3.258621240066410E-02,-3.267217332855970E-02,-4.254477659413530E-01
2.456351666666660E+06,3.306212032519380E-02,-3.142555626101060E-02,-4.246585680482040E-01
2.456351708333330E+06,3.353781023527720E-02,-3.017873198219430E-02,-4.238665699600960E-01
2.456351750000000E+06,3.401327768360790E-02,-2.893170753438890E-02,-4.230717603356800E-01
2.456351791666660E+06,3.448851817853990E-02,-2.768449005130030E-02,-4.222741278067210E-01
2.456351833333330E+06,3.496352718374070E-02,-2.643708675895750E-02,-4.214736609786190E-01
2.456351875000000E+06,3.543830011784520E-02,-2.518950497661110E-02,-4.206703484309550E-01
2.456351916666660E+06,3.591283235410880E-02,-2.394175211763730E-02,-4.198641787180400E-01
2.456351958333330E+06,3.638711922005940E-02,-2.269383569044630E-02,-4.190551403694880E-01
2.456352000000000E+06,3.686115599715070E-02,-2.144576329939460E-02,-4.182432218907990E-01
2.456352041666660E+06,3.733493792041380E-02,-2.019754264570190E-02,-4.174284117639600E-01
2.456352083333330E+06,3.780846017811020E-02,-1.894918152837190E-02,-4.166106984480650E-01
2.456352125000000E+06,3.828171791138330E-02,-1.770068784511720E-02,-4.157900703799470E-01
2.456352166666660E+06,3.875470621391150E-02,-1.645206959328760E-02,-4.149665159748240E-01
2.456352208333330E+06,3.922742013156030E-02,-1.520333487080330E-02,-4.141400236269750E-01
2.456352250000000E+06,3.969985466203540E-02,-1.395449187708980E-02,-4.133105817104150E-01
2.456352291666660E+06,4.017200475453620E-02,-1.270554891401810E-02,-4.124781785796010E-01
2.456352333333330E+06,4.064386530940870E-02,-1.145651438684680E-02,-4.116428025701500E-01
2.456352375000000E+06,4.111543117780100E-02,-1.020739680516850E-02,-4.108044419995780E-01
2.456352416666660E+06,4.158669716131720E-02,-8.958204783857830E-03,-4.099630851680500E-01
2.456352458333330E+06,4.205765801167410E-02,-7.708947044023510E-03,-4.091187203591590E-01
2.456352500000000E+06,4.252830843035720E-02,-6.459632413962320E-03,-4.082713358407160E-01
2.456352541666660E+06,4.299864306827890E-02,-5.210269830115710E-03,-4.074209198655600E-01
2.456352583333330E+06,4.346865652543670E-02,-3.960868338028840E-03,-4.065674606723910E-01
2.456352625000000E+06,4.393834335057420E-02,-2.711437093311230E-03,-4.057109464866180E-01
2.456352666666660E+06,4.440769804084150E-02,-1.461985362599730E-03,-4.048513655212300E-01
2.456352708333330E+06,4.487671504145880E-02,-2.125225245231210E-04,-4.039887059776850E-01
2.456352750000000E+06,4.534538874538060E-02,1.036941929332350E-03,-4.031229560468220E-01
2.456352791666660E+06,4.581371349296210E-02,2.286398393455310E-03,-4.022541039097890E-01
2.456352833333330E+06,4.628168357162730E-02,3.535837147441620E-03,-4.013821377389970E-01
2.456352875000000E+06,4.674929321553880E-02,4.785248355025050E-03,-4.005070456990930E-01
2.456352916666660E+06,4.721653660527070E-02,6.034622063108300E-03,-3.996288159479530E-01
2.456352958333330E+06,4.768340786748270E-02,7.283948200792640E-03,-3.987474366376990E-01
2.456353000000000E+06,4.814990107459730E-02,8.533216578408800E-03,-3.978628959157370E-01
2.456353041666660E+06,4.861601024447930E-02,9.782416886547060E-03,-3.969751819258170E-01
2.456353083333330E+06,4.908172934011840E-02,1.103153869508820E-02,-3.960842828091190E-01
2.456353125000000E+06,4.954705226931410E-02,1.228057145223590E-02,-3.951901867053540E-01
2.456353166666660E+06,5.001197288436440E-02,1.352950448354900E-02,-3.942928817538960E-01
2.456353208333330E+06,5.047648498175690E-02,1.477832699097590E-02,-3.933923560949330E-01
2.456353250000000E+06,5.094058230186430E-02,1.602702805189050E-02,-3.924885978706470E-01
2.456353291666660E+06,5.140425852864250E-02,1.727559661813080E-02,-3.915815952264070E-01
2.456353333333330E+06,5.186750728933290E-02,1.852402151503820E-02,-3.906713363119980E-01
2.456353375000000E+06,5.233032215416870E-02,1.977229144050080E-02,-3.897578092828720E-01
2.456353416666660E+06,5.279269663608540E-02,2.102039496399970E-02,-3.888410023014120E-01
2.456353458333330E+06,5.325462419043470E-02,2.226832052565790E-02,-3.879209035382420E-01
2.456353500000000E+06,5.371609821470430E-02,2.351605643529310E-02,-3.869975011735430E-01
2.456353541666660E+06,5.417711204824150E-02,2.476359087147540E-02,-3.860707833984030E-01
2.456353583333330E+06,5.463765897198140E-02,2.601091188058810E-02,-3.851407384161950E-01
2.456353625000000E+06,5.509773220818130E-02,2.725800737589450E-02,-3.842073544439760E-01
2.456353666666660E+06,5.555732492015900E-02,2.850486513660920E-02,-3.832706197139140E-01
2.456353708333330E+06,5.601643021203810E-02,2.975147280697530E-02,-3.823305224747420E-01
2.456353750000000E+06,5.647504112849740E-02,3.099781789534810E-02,-3.813870509932410E-01
2.456353791666660E+06,5.693315065452790E-02,3.224388777328430E-02,-3.804401935557430E-01
2.456353833333330E+06,5.739075171519450E-02,3.348966967463880E-02,-3.794899384696690E-01
2.456353875000000E+06,5.784783717540500E-02,3.473515069466900E-02,-3.785362740650930E-01
2.456353916666660E+06,5.830439983968560E-02,3.598031778914630E-02,-3.775791886963250E-01
2.456353958333330E+06,5.876043245196270E-02,3.722515777347650E-02,-3.766186707435380E-01
2.456354000000000E+06,5.921592769535250E-02,3.846965732182850E-02,-3.756547086144060E-01
2.456354041666660E+06,5.967087819195780E-02,3.971380296627290E-02,-3.746872907457850E-01
2.456354083333330E+06,6.012527650267170E-02,4.095758109592910E-02,-3.737164056054090E-01
2.456354125000000E+06,6.057911512699000E-02,4.220097795612450E-02,-3.727420416936290E-01
2.456354166666660E+06,6.103238650283160E-02,4.344397964756250E-02,-3.717641875451660E-01
2.456354208333330E+06,6.148508300636630E-02,4.468657212550360E-02,-3.707828317309080E-01
2.456354250000000E+06,6.193719695185280E-02,4.592874119895690E-02,-3.697979628597230E-01
2.456354291666660E+06,6.238872059148410E-02,4.717047252988530E-02,-3.688095695803100E-01
2.456354333333330E+06,6.283964611524280E-02,4.841175163242230E-02,-3.678176405830750E-01
2.456354375000000E+06,6.328996565076580E-02,4.965256387210370E-02,-3.668221646020410E-01
2.456354416666660E+06,6.373967126321900E-02,5.089289446511230E-02,-3.658231304167830E-01
2.456354458333330E+06,6.418875495518060E-02,5.213272847753830E-02,-3.648205268543990E-01
2.456354500000000E+06,6.463720866653690E-02,5.337205082465420E-02,-3.638143427915010E-01
2.456354541666660E+06,6.508502427438660E-02,5.461084627020630E-02,-3.628045671562490E-01
2.456354583333330E+06,6.553219359295740E-02,5.584909942572210E-02,-3.617911889304060E-01
2.456354625000000E+06,6.597870837353290E-02,5.708679474983580E-02,-3.607741971514280E-01
2.456354666666660E+06,6.642456030439170E-02,5.832391654763110E-02,-3.597535809145790E-01
2.456354708333330E+06,6.686974101075710E-02,5.956044897000200E-02,-3.587293293750840E-01
2.456354750000000E+06,6.731424205476070E-02,6.079637601303470E-02,-3.577014317503090E-01
2.456354791666660E+06,6.775805493541650E-02,6.203168151740680E-02,-3.566698773219670E-01
2.456354833333330E+06,6.820117108860920E-02,6.326634916780900E-02,-3.556346554383670E-01
2.456354875000000E+06,6.864358188709420E-02,6.450036249238780E-02,-3.545957555166750E-01
2.456354916666660E+06,6.908527864051260E-02,6.573370486220930E-02,-3.535531670452260E-01
2.456354958333330E+06,6.952625259541810E-02,6.696635949074660E-02,-3.525068795858520E-01
2.456355000000000E+06,6.996649493531920E-02,6.819830943339020E-02,-3.514568827762440E-01
2.456355041666660E+06,7.040599678073510E-02,6.942953758698330E-02,-3.504031663323520E-01
2.456355083333330E+06,7.084474918926670E-02,7.066002668938040E-02,-3.493457200508010E-01
2.456355125000000E+06,7.128274315568200E-02,7.188975931903410E-02,-3.482845338113520E-01
2.456355166666660E+06,7.171996961201780E-02,7.311871789460620E-02,-3.472195975793850E-01
2.456355208333330E+06,7.215641942769560E-02,7.434688467460660E-02,-3.461509014084110E-01
2.456355250000000E+06,7.259208340965530E-02,7.557424175706180E-02,-3.450784354426220E-01
2.456355291666660E+06,7.302695230250380E-02,7.680077107920960E-02,-3.440021899194600E-01
2.456355333333330E+06,7.346101678868130E-02,7.802645441722580E-02,-3.429221551722270E-01
2.456355375000000E+06,7.389426748864370E-02,7.925127338598030E-02,-3.418383216327110E-01
2.456355416666660E+06,7.432669496106380E-02,8.047520943882450E-02,-3.407506798338580E-01
2.456355458333330E+06,7.475828970304860E-02,8.169824386741110E-02,-3.396592204124550E-01
2.456355500000000E+06,7.518904215037580E-02,8.292035780154720E-02,-3.385639341118550E-01
2.456355541666660E+06,7.561894267774890E-02,8.414153220908040E-02,-3.374648117847260E-01
2.456355583333330E+06,7.604798159907000E-02,8.536174789582000E-02,-3.363618443958240E-01
2.456355625000000E+06,7.647614916773280E-02,8.658098550549390E-02,-3.352550230248020E-01
2.456355666666660E+06,7.690343557693480E-02,8.779922551974240E-02,-3.341443388690380E-01
2.456355708333330E+06,7.732983096000910E-02,8.901644825814730E-02,-3.330297832464950E-01
2.456355750000000E+06,7.775532539077690E-02,9.023263387830160E-02,-3.319113475986070E-01
2.456355791666660E+06,7.817990888392010E-02,9.144776237591700E-02,-3.307890234931900E-01
2.456355833333330E+06,7.860357139537450E-02,9.266181358497080E-02,-3.296628026273790E-01
2.456355875000000E+06,7.902630282274590E-02,9.387476717789470E-02,-3.285326768305900E-01
2.456355916666660E+06,7.944809300574550E-02,9.508660266580490E-02,-3.273986380675060E-01
2.456355958333330E+06,7.986893172664890E-02,9.629729939877430E-02,-3.262606784410900E-01
2.456356000000000E+06,8.028880871077660E-02,9.750683656614870E-02,-3.251187901956190E-01
2.456356041666660E+06,8.070771362699770E-02,9.871519319690750E-02,-3.239729657197410E-01
2.456356083333330E+06,8.112563608825580E-02,9.992234816006860E-02,-3.228231975495540E-01
2.456356125000000E+06,8.154256565211880E-02,1.011282801651410E-01,-3.216694783717110E-01
2.456356166666660E+06,8.195849182135220E-02,1.023329677626230E-01,-3.205118010265380E-01
2.456356208333330E+06,8.237340404451600E-02,1.035363893445500E-01,-3.193501585111800E-01
2.456356250000000E+06,8.278729171658600E-02,1.047385231450880E-01,-3.181845439827620E-01
2.456356291666660E+06,8.320014417960030E-02,1.059393472411820E-01,-3.170149507615710E-01
2.456356333333330E+06,8.361195072332940E-02,1.071388395532470E-01,-3.158413723342530E-01
2.456356375000000E+06,8.402270058597260E-02,1.083369778459230E-01,-3.146638023570330E-01
2.456356416666660E+06,8.443238295487950E-02,1.095337397288660E-01,-3.134822346589420E-01
2.456356458333330E+06,8.484098696729710E-02,1.107291026576060E-01,-3.122966632450720E-01
2.456356500000000E+06,8.524850171114320E-02,1.119230439344540E-01,-3.111070822998290E-01
2.456356541666660E+06,8.565491622580560E-02,1.131155407094620E-01,-3.099134861902160E-01
2.456356583333330E+06,8.606021950296910E-02,1.143065699814400E-01,-3.087158694691190E-01
2.456356625000000E+06,8.646440048746770E-02,1.154961085990340E-01,-3.075142268786050E-01
2.456356666666660E+06,8.686744807816550E-02,1.166841332618520E-01,-3.063085533532310E-01
2.456356708333330E+06,8.726935112886340E-02,1.178706205216590E-01,-3.050988440233670E-01
2.456356750000000E+06,8.767009844923520E-02,1.190555467836220E-01,-3.038850942185180E-01
2.456356791666660E+06,8.806967880578980E-02,1.202388883076200E-01,-3.026672994706620E-01
2.456356833333330E+06,8.846808092286200E-02,1.214206212096150E-01,-3.014454555175870E-01
2.456356875000000E+06,8.886529348363250E-02,1.226007214630770E-01,-3.002195583062360E-01
2.456356916666660E+06,8.926130513117440E-02,1.237791649004830E-01,-2.989896039960560E-01
2.456356958333330E+06,8.965610446953030E-02,1.249559272148680E-01,-2.977555889623440E-01
2.456357000000000E+06,9.004968006481650E-02,1.261309839614450E-01,-2.965175097995980E-01
2.456357041666660E+06,9.044202044635710E-02,1.273043105592850E-01,-2.952753633248690E-01
2.456357083333330E+06,9.083311410784710E-02,1.284758822930710E-01,-2.940291465811040E-01
2.456357125000000E+06,9.122294950854400E-02,1.296456743149040E-01,-2.927788568404900E-01
2.456357166666660E+06,9.161151507448960E-02,1.308136616461870E-01,-2.915244916077930E-01
2.456357208333330E+06,9.199879919975990E-02,1.319798191795650E-01,-2.902660486236910E-01
2.456357250000000E+06,9.238479024774670E-02,1.331441216809460E-01,-2.890035258680920E-01
2.456357291666660E+06,9.276947655246570E-02,1.343065437915720E-01,-2.877369215634550E-01
2.456357333333330E+06,9.315284641989690E-02,1.354670600301760E-01,-2.864662341780840E-01
2.456357375000000E+06,9.353488812935320E-02,1.366256447951920E-01,-2.851914624294270E-01
2.456357416666660E+06,9.391558993487870E-02,1.377822723670470E-01,-2.839126052873400E-01
2.456357458333330E+06,9.429494006667720E-02,1.389369169105150E-01,-2.826296619773540E-01
2.456357500000000E+06,9.467292673256970E-02,1.400895524771420E-01,-2.813426319839130E-01
2.456357541666660E+06,9.504953811948180E-02,1.412401530077410E-01,-2.800515150535920E-01
2.456357583333330E+06,9.542476239496050E-02,1.423886923349610E-01,-2.787563111982980E-01
2.456357625000000E+06,9.579858770872030E-02,1.435351441859260E-01,-2.774570206984480E-01
2.456357666666660E+06,9.617100219421920E-02,1.446794821849360E-01,-2.761536441061150E-01
2.456357708333330E+06,9.654199397026270E-02,1.458216798562550E-01,-2.748461822481560E-01
2.456357750000000E+06,9.691155114263830E-02,1.469617106269560E-01,-2.735346362293030E-01
2.456357791666660E+06,9.727966180577770E-02,1.480995478298470E-01,-2.722190074352310E-01
2.456357833333330E+06,9.764631404444860E-02,1.492351647064640E-01,-2.708992975355830E-01
2.456357875000000E+06,9.801149593547420E-02,1.503685344101350E-01,-2.695755084869730E-01
2.456357916666660E+06,9.837519554948170E-02,1.514996300091180E-01,-2.682476425359410E-01
2.456357958333330E+06,9.873740095267810E-02,1.526284244898110E-01,-2.669157022218780E-01
2.456358000000000E+06,9.909810020865460E-02,1.537548907600300E-01,-2.655796903799010E-01
2.456358041666660E+06,9.945728138021750E-02,1.548790016523590E-01,-2.642396101436960E-01
2.456358083333330E+06,9.981493253124700E-02,1.560007299275750E-01,-2.628954649483080E-01
2.456358125000000E+06,1.001710417285810E-01,1.571200482781410E-01,-2.615472585328910E-01
2.456358166666660E+06,1.005255970439310E-01,1.582369293317620E-01,-2.601949949433990E-01
2.456358208333330E+06,1.008785865558140E-01,1.593513456550290E-01,-2.588386785352390E-01
2.456358250000000E+06,1.012299983515190E-01,1.604632697571110E-01,-2.574783139758600E-01
2.456358291666660E+06,1.015798205290930E-01,1.615726740935330E-01,-2.561139062472950E-01
2.456358333333330E+06,1.019280411993580E-01,1.626795310700150E-01,-2.547454606486390E-01
2.456358375000000E+06,1.022746484879450E-01,1.637838130463780E-01,-2.533729827984740E-01
2.456358416666660E+06,1.026196305373520E-01,1.648854923405230E-01,-2.519964786372280E-01
2.456358458333330E+06,1.029629755090340E-01,1.659845412324680E-01,-2.506159544294740E-01
2.456358500000000E+06,1.033046715855040E-01,1.670809319684610E-01,-2.492314167661570E-01
2.456358541666660E+06,1.036447069724630E-01,1.681746367651480E-01,-2.478428725667650E-01
2.456358583333330E+06,1.039830699009480E-01,1.692656278138140E-01,-2.464503290814180E-01
2.456358625000000E+06,1.043197486295050E-01,1.703538772846810E-01,-2.450537938928910E-01
2.456358666666660E+06,1.046547314463740E-01,1.714393573312700E-01,-2.436532749185660E-01
2.456358708333330E+06,1.049880066717000E-01,1.725220400948230E-01,-2.422487804123000E-01
2.456358750000000E+06,1.053195626597620E-01,1.736018977087890E-01,-2.408403189662220E-01
2.456358791666660E+06,1.056493878012140E-01,1.746789023033650E-01,-2.394278995124470E-01
2.456358833333330E+06,1.059774705253500E-01,1.757530260100930E-01,-2.380115313247110E-01
2.456358875000000E+06,1.063037993023800E-01,1.768242409665210E-01,-2.365912240199120E-01
2.456358916666660E+06,1.066283626457240E-01,1.778925193209070E-01,-2.351669875595830E-01
2.456358958333330E+06,1.069511491143190E-01,1.789578332369860E-01,-2.337388322512570E-01
2.456359000000000E+06,1.072721473149400E-01,1.800201548987860E-01,-2.323067687497550E-01
2.456359041666660E+06,1.075913459045320E-01,1.810794565154940E-01,-2.308708080583830E-01
2.456359083333330E+06,1.079087335925570E-01,1.821357103263690E-01,-2.294309615300240E-01
2.456359125000000E+06,1.082242991433480E-01,1.831888886057060E-01,-2.279872408681460E-01
2.456359166666660E+06,1.085380313784760E-01,1.842389636678390E-01,-2.265396581277100E-01
2.456359208333330E+06,1.088499191791230E-01,1.852859078721970E-01,-2.250882257159720E-01
2.456359250000000E+06,1.091599514884600E-01,1.863296936283910E-01,-2.236329563931970E-01
2.456359291666660E+06,1.094681173140420E-01,1.873702934013480E-01,-2.221738632732600E-01
2.456359333333330E+06,1.097744057301960E-01,1.884076797164810E-01,-2.207109598241470E-01
2.456359375000000E+06,1.100788058804210E-01,1.894418251648920E-01,-2.192442598683500E-01
2.456359416666660E+06,1.103813069797890E-01,1.904727024086100E-01,-2.177737775831600E-01
2.456359458333330E+06,1.106818983173480E-01,1.915002841858650E-01,-2.162995275008400E-01
2.456359500000000E+06,1.109805692585260E-01,1.925245433163840E-01,-2.148215245087020E-01
2.456359541666660E+06,1.112773092475360E-01,1.935454527067160E-01,-2.133397838490640E-01
2.456359583333330E+06,1.115721078097800E-01,1.945629853555870E-01,-2.118543211190930E-01
2.456359625000000E+06,1.118649545542450E-01,1.955771143592690E-01,-2.103651522705470E-01
2.456359666666660E+06,1.121558391759030E-01,1.965878129169750E-01,-2.088722936093850E-01
2.456359708333330E+06,1.124447514581030E-01,1.975950543362690E-01,-2.073757617952740E-01
2.456359750000000E+06,1.127316812749530E-01,1.985988120384930E-01,-2.058755738409760E-01
2.456359791666660E+06,1.130166185936990E-01,1.995990595642010E-01,-2.043717471116110E-01
2.456359833333330E+06,1.132995534770970E-01,2.005957705786110E-01,-2.028642993238140E-01
2.456359875000000E+06,1.135804760857670E-01,2.015889188770580E-01,-2.013532485447580E-01
2.456359916666660E+06,1.138593766805430E-01,2.025784783904530E-01,-1.998386131910700E-01
2.456359958333330E+06,1.141362456248100E-01,2.035644231907430E-01,-1.983204120276160E-01
2.456360000000000E+06,1.144110733868200E-01,2.045467274963760E-01,-1.967986641661690E-01
2.456360041666660E+06,1.146838505420040E-01,2.055253656777540E-01,-1.952733890639590E-01
2.456360083333330E+06,1.149545677752580E-01,2.065003122626850E-01,-1.937446065220950E-01
2.456360125000000E+06,1.152232158832130E-01,2.074715419418240E-01,-1.922123366838650E-01
2.456360166666660E+06,1.154897857764930E-01,2.084390295741040E-01,-1.906766000329160E-01
2.456360208333330E+06,1.157542684819410E-01,2.094027501921450E-01,-1.891374173913100E-01
2.456360250000000E+06,1.160166551448360E-01,2.103626790076580E-01,-1.875948099174600E-01
2.456360291666660E+06,1.162769370310730E-01,2.113187914168170E-01,-1.860487991039350E-01
2.456360333333330E+06,1.165351055293350E-01,2.122710630056110E-01,-1.844994067751540E-01
2.456360375000000E+06,1.167911521532200E-01,2.132194695551710E-01,-1.829466550849450E-01
2.456360416666660E+06,1.170450685433630E-01,2.141639870470680E-01,-1.813905665139950E-01
2.456360458333330E+06,1.172968464695110E-01,2.151045916685770E-01,-1.798311638671660E-01
2.456360500000000E+06,1.175464778325770E-01,2.160412598179020E-01,-1.782684702707010E-01
2.456360541666660E+06,1.177939546666660E-01,2.169739681093730E-01,-1.767025091693000E-01
2.456360583333330E+06,1.180392691410610E-01,2.179026933785930E-01,-1.751333043230810E-01
2.456360625000000E+06,1.182824135621870E-01,2.188274126875450E-01,-1.735608798044220E-01
2.456360666666660E+06,1.185233803755260E-01,2.197481033296490E-01,-1.719852599946870E-01
2.456360708333330E+06,1.187621621675110E-01,2.206647428347730E-01,-1.704064695808270E-01
2.456360750000000E+06,1.189987516673730E-01,2.215773089741920E-01,-1.688245335518720E-01
2.456360791666660E+06,1.192331417489570E-01,2.224857797654820E-01,-1.672394771953080E-01
2.456360833333330E+06,1.194653254324940E-01,2.233901334773730E-01,-1.656513260933380E-01
2.456360875000000E+06,1.196952958863340E-01,2.242903486345220E-01,-1.640601061190280E-01
2.456360916666660E+06,1.199230464286420E-01,2.251864040222350E-01,-1.624658434323510E-01
2.456360958333330E+06,1.201485705290440E-01,2.260782786911180E-01,-1.608685644761140E-01
2.456361000000000E+06,1.203718618102390E-01,2.269659519616570E-01,-1.592682959717760E-01
2.456361041666660E+06,1.205929140495550E-01,2.278494034287310E-01,-1.576650649151720E-01
2.456361083333330E+06,1.208117211804720E-01,2.287286129660430E-01,-1.560588985721170E-01
2.456361125000000E+06,1.210282772940910E-01,2.296035607304820E-01,-1.544498244739230E-01
2.456361166666660E+06,1.212425766405560E-01,2.304742271663970E-01,-1.528378704128010E-01
2.456361208333330E+06,1.214546136304330E-01,2.313405930097960E-01,-1.512230644371800E-01
2.456361250000000E+06,1.216643828360330E-01,2.322026392924560E-01,-1.496054348469180E-01
2.456361291666660E+06,1.218718789926890E-01,2.330603473459450E-01,-1.479850101884250E-01
2.456361333333330E+06,1.220770969999870E-01,2.339136988055580E-01,-1.463618192496940E-01
2.456361375000000E+06,1.222800319229340E-01,2.347626756141610E-01,-1.447358910552440E-01
2.456361416666660E+06,1.224806789930820E-01,2.356072600259370E-01,-1.431072548609700E-01
2.456361458333330E+06,1.226790336096030E-01,2.364474346100390E-01,-1.414759401489210E-01
2.456361500000000E+06,1.228750913402980E-01,2.372831822541450E-01,-1.398419766219850E-01
2.456361541666660E+06,1.230688479225640E-01,2.381144861679140E-01,-1.382053941984990E-01
2.456361583333330E+06,1.232602992642990E-01,2.389413298863340E-01,-1.365662230067890E-01
2.456361625000000E+06,1.234494414447570E-01,2.397636972729730E-01,-1.349244933796260E-01
2.456361666666660E+06,1.236362707153400E-01,2.405815725231200E-01,-1.332802358486200E-01
2.456361708333330E+06,1.238207835003450E-01,2.413949401668200E-01,-1.316334811385430E-01
2.456361750000000E+06,1.240029763976420E-01,2.422037850718030E-01,-1.299842601615890E-01
2.456361791666660E+06,1.241828461793050E-01,2.430080924462910E-01,-1.283326040115690E-01
2.456361833333330E+06,1.243603897921780E-01,2.438078478417090E-01,-1.266785439580540E-01
2.456361875000000E+06,1.245356043583930E-01,2.446030371552710E-01,-1.250221114404570E-01
2.456361916666660E+06,1.247084871758200E-01,2.453936466324530E-01,-1.233633380620620E-01
2.456361958333330E+06,1.248790357184660E-01,2.461796628693560E-01,-1.217022555840100E-01
2.456362000000000E+06,1.250472476368110E-01,2.469610728149410E-01,-1.200388959192330E-01
2.456362041666660E+06,1.252131207580920E-01,2.477378637731600E-01,-1.183732911263500E-01
2.456362083333330E+06,1.253766530865230E-01,2.485100234049520E-01,-1.167054734035200E-01
2.456362125000000E+06,1.255378428034600E-01,2.492775397301340E-01,-1.150354750822600E-01
2.456362166666660E+06,1.256966882675050E-01,2.500404011291600E-01,-1.133633286212310E-01
2.456362208333330E+06,1.258531880145550E-01,2.507985963447660E-01,-1.116890665999940E-01
2.456362250000000E+06,1.260073407577910E-01,2.515521144834870E-01,-1.100127217127400E-01
2.456362291666660E+06,1.261591453876100E-01,2.523009450170570E-01,-1.083343267619960E-01
2.456362333333330E+06,1.263086009714980E-01,2.530450777836850E-01,-1.066539146523140E-01
2.456362375000000E+06,1.264557067538450E-01,2.537845029892020E-01,-1.049715183839420E-01
2.456362416666660E+06,1.266004621557090E-01,2.545192112080930E-01,-1.032871710464800E-01
2.456362458333330E+06,1.267428667745120E-01,2.552491933844020E-01,-1.016009058125330E-01
2.456362500000000E+06,1.268829203836910E-01,2.559744408325130E-01,-9.991275593135290E-02
2.456362541666660E+06,1.270206229322830E-01,2.566949452378050E-01,-9.822275472247510E-02
2.456362583333330E+06,1.271559745444630E-01,2.574106986571930E-01,-9.653093556936460E-02
2.456362625000000E+06,1.272889755190200E-01,2.581216935195330E-01,-9.483733191305710E-02
2.456362666666660E+06,1.274196263287830E-01,2.588279226259190E-01,-9.314197724581180E-02
2.456362708333330E+06,1.275479276199910E-01,2.595293791498420E-01,-9.144490510477310E-02
2.456362750000000E+06,1.276738802116060E-01,2.602260566372410E-01,-8.974614906564610E-02
2.456362791666660E+06,1.277974850945820E-01,2.609179490064260E-01,-8.804574273638910E-02
2.456362833333330E+06,1.279187434310730E-01,2.616050505478820E-01,-8.634371975092510E-02
2.456362875000000E+06,1.280376565535930E-01,2.622873559239540E-01,-8.464011376287790E-02
2.456362916666660E+06,1.281542259641270E-01,2.629648601684100E-01,-8.293495843933240E-02
2.456362958333330E+06,1.282684533331880E-01,2.636375586858950E-01,-8.122828745462560E-02
2.456363000000000E+06,1.283803404988290E-01,2.643054472512560E-01,-7.952013448416880E-02
2.456363041666660E+06,1.284898894656030E-01,2.649685220087630E-01,-7.781053319830540E-02
2.456363083333330E+06,1.285971024034780E-01,2.656267794712060E-01,-7.609951725620620E-02
2.456363125000000E+06,1.287019816467020E-01,2.662802165188860E-01,-7.438712029980610E-02
2.456363166666660E+06,1.288045296926300E-01,2.669288303984900E-01,-7.267337594778330E-02
2.456363208333330E+06,1.289047492004940E-01,2.675726187218570E-01,-7.095831778958660E-02
2.456363250000000E+06,1.290026429901410E-01,2.682115794646350E-01,-6.924197937951000E-02
2.456363291666660E+06,1.290982140407220E-01,2.688457109648300E-01,-6.752439423081960E-02
2.456363333333330E+06,1.291914654893390E-01,2.694750119212500E-01,-6.580559580993540E-02
2.456363375000000E+06,1.292824006296520E-01,2.700994813918430E-01,-6.408561753066780E-02
2.456363416666660E+06,1.293710229104510E-01,2.707191187919340E-01,-6.236449274851560E-02
2.456363458333330E+06,1.294573359341800E-01,2.713339238923630E-01,-6.064225475502370E-02
2.456363500000000E+06,1.295413434554280E-01,2.719438968175190E-01,-5.891893677220460E-02
2.456363541666660E+06,1.296230493793900E-01,2.725490380432790E-01,-5.719457194702730E-02
2.456363583333330E+06,1.297024577602800E-01,2.731493483948590E-01,-5.546919334597210E-02
2.456363625000000E+06,1.297795727997170E-01,2.737448290445580E-01,-5.374283394965710E-02
2.456363666666660E+06,1.298543988450800E-01,2.743354815094250E-01,-5.201552664753650E-02
2.456363708333330E+06,1.299269403878240E-01,2.749213076488240E-01,-5.028730423267220E-02
2.456363750000000E+06,1.299972020617720E-01,2.755023096619260E-01,-4.855819939658210E-02
2.456363791666660E+06,1.300651886413710E-01,2.760784900851010E-01,-4.682824472416560E-02
2.456363833333330E+06,1.301309050399260E-01,2.766498517892410E-01,-4.509747268870830E-02
2.456363875000000E+06,1.301943563078010E-01,2.772163979769940E-01,-4.336591564696810E-02
2.456363916666660E+06,1.302555476305940E-01,2.777781321799200E-01,-4.163360583434290E-02
2.456363958333330E+06,1.303144843272940E-01,2.783350582555790E-01,-3.990057536012330E-02
2.456364000000000E+06,1.303711718484050E-01,2.788871803845330E-01,-3.816685620282910E-02
2.456364041666660E+06,1.304256157740550E-01,2.794345030672880E-01,-3.643248020563380E-02
2.456364083333330E+06,1.304778218120750E-01,2.799770311211610E-01,-3.469747907187570E-02
2.456364125000000E+06,1.305277957960670E-01,2.805147696770800E-01,-3.296188436065870E-02
2.456364166666660E+06,1.305755436834470E-01,2.810477241763200E-01,-3.122572748254220E-02
2.456364208333330E+06,1.306210715534710E-01,2.815759003671820E-01,-2.948903969532260E-02
2.456364250000000E+06,1.306643856052460E-01,2.820993043016050E-01,-2.775185209990630E-02
2.456364291666660E+06,1.307054921557250E-01,2.826179423317230E-01,-2.601419563627530E-02
2.456364333333330E+06,1.307443976376840E-01,2.831318211063720E-01,-2.427610107954580E-02
2.456364375000000E+06,1.307811085976890E-01,2.836409475675370E-01,-2.253759903612200E-02
2.456364416666660E+06,1.308156316940550E-01,2.841453289467520E-01,-2.079871993994240E-02
2.456364458333330E+06,1.308479736947830E-01,2.846449727614540E-01,-1.905949404882400E-02
2.456364500000000E+06,1.308781414754950E-01,2.851398868112920E-01,-1.731995144089900E-02
2.456364541666660E+06,1.309061420173640E-01,2.856300791743860E-01,-1.558012201115000E-02
2.456364583333330E+06,1.309319824050230E-01,2.861155582035550E-01,-1.384003546803970E-02
2.456364625000000E+06,1.309556698244800E-01,2.865963325224970E-01,-1.209972133023830E-02
2.456364666666660E+06,1.309772115610230E-01,2.870724110219440E-01,-1.035920892344600E-02
2.456364708333330E+06,1.309966149971170E-01,2.875438028557740E-01,-8.618527377313960E-03
2.456364750000000E+06,1.310138876103040E-01,2.880105174370930E-01,-6.877705622460160E-03
2.456364791666660E+06,1.310290369710980E-01,2.884725644342920E-01,-5.136772387583650E-03
2.456364833333330E+06,1.310420707408730E-01,2.889299537670760E-01,-3.395756196673630E-03
2.456364875000000E+06,1.310529966697620E-01,2.893826956024640E-01,-1.654685366316250E-03
2.456364916666660E+06,1.310618225945470E-01,2.898308003507730E-01,8.641199690331000E-05
2.456364958333330E+06,1.310685564365530E-01,2.902742786615760E-01,1.827507998902290E-03
2.456365000000000E+06,1.310732061995460E-01,2.907131414196450E-01,3.568574960507120E-03
2.456365041666660E+06,1.310757799676350E-01,2.911473997408790E-01,5.309585419764150E-03
2.456365083333330E+06,1.310762859031750E-01,2.915770649682160E-01,7.050512134156750E-03
2.456365125000000E+06,1.310747322446770E-01,2.920021486675340E-01,8.791328082727640E-03
2.456365166666660E+06,1.310711273047260E-01,2.924226626235400E-01,1.053200646810800E-02
2.456365208333330E+06,1.310654794679020E-01,2.928386188356590E-01,1.227252071845400E-02
2.456365250000000E+06,1.310577971887100E-01,2.932500295139070E-01,1.401284448929020E-02
2.456365291666660E+06,1.310480889895220E-01,2.936569070747660E-01,1.575295166526260E-02
2.456365333333330E+06,1.310363634585220E-01,2.940592641370590E-01,1.749281636180010E-02
2.456365375000000E+06,1.310226292476670E-01,2.944571135178180E-01,1.923241292668670E-02
2.456365416666660E+06,1.310068950706530E-01,2.948504682281640E-01,2.097171594154400E-02
2.456365458333330E+06,1.309891697009000E-01,2.952393414691760E-01,2.271070022322590E-02
2.456365500000000E+06,1.309694619695390E-01,2.956237466277850E-01,2.444934082512620E-02
2.456365541666660E+06,1.309477807634230E-01,2.960036972726530E-01,2.618761303839950E-02
2.456365583333330E+06,1.309241350231410E-01,2.963792071500810E-01,2.792549239309720E-02
2.456365625000000E+06,1.308985337410560E-01,2.967502901799130E-01,2.966295465921890E-02
2.456365666666660E+06,1.308709859593470E-01,2.971169604514600E-01,3.139997584768090E-02
2.456365708333330E+06,1.308415007680770E-01,2.974792322194330E-01,3.313653221120250E-02
2.456365750000000E+06,1.308100873032700E-01,2.978371198998940E-01,3.487260024511110E-02
2.456365791666660E+06,1.307767547450050E-01,2.981906380662230E-01,3.660815668806830E-02
2.456365833333330E+06,1.307415123155290E-01,2.985398014451020E-01,3.834317852271620E-02
2.456365875000000E+06,1.307043692773870E-01,2.988846249125180E-01,4.007764297624690E-02
2.456365916666660E+06,1.306653349315680E-01,2.992251234897880E-01,4.181152752089610E-02
2.456365958333330E+06,1.306244186156700E-01,2.995613123396060E-01,4.354480987436090E-02
2.456366000000000E+06,1.305816297020880E-01,2.998932067621120E-01,4.527746800014440E-02
2.456366041666660E+06,1.305369775962120E-01,3.002208221909860E-01,4.700948010782770E-02
2.456366083333330E+06,1.304904717346540E-01,3.005441741895690E-01,4.874082465327060E-02
2.456366125000000E+06,1.304421215834890E-01,3.008632784470080E-01,5.047148033874310E-02
2.456366166666660E+06,1.303919366365180E-01,3.011781507744300E-01,5.220142611298710E-02
2.456366208333330E+06,1.303399264135510E-01,3.014888071011490E-01,5.393064117121220E-02
2.456366250000000E+06,1.302861004587140E-01,3.017952634708930E-01,5.565910495502460E-02
2.456366291666660E+06,1.302304683387710E-01,3.020975360380740E-01,5.738679715229220E-02
2.456366333333330E+06,1.301730396414730E-01,3.023956410640800E-01,5.911369769694610E-02
2.456366375000000E+06,1.301138239739250E-01,3.026895949136050E-01,6.083978676872010E-02
2.456366416666660E+06,1.300528309609800E-01,3.029794140510110E-01,6.256504479283030E-02
2.456366458333330E+06,1.299900702436480E-01,3.032651150367220E-01,6.428945243959540E-02
2.456366500000000E+06,1.299255514775300E-01,3.035467145236610E-01,6.601299062399880E-02
2.456366541666660E+06,1.298592843312810E-01,3.038242292537090E-01,6.773564050519470E-02
2.456366583333330E+06,1.297912784850830E-01,3.040976760542170E-01,6.945738348595970E-02
2.456366625000000E+06,1.297215436291530E-01,3.043670718345410E-01,7.117820121208980E-02
2.456366666666660E+06,1.296500894622650E-01,3.046324335826220E-01,7.289807557174560E-02
2.456366708333330E+06,1.295769256903000E-01,3.048937783616050E-01,7.461698869474700E-02
2.456366750000000E+06,1.295020620248210E-01,3.051511233064920E-01,7.633492295181750E-02
2.456366791666660E+06,1.294255081816600E-01,3.054044856208380E-01,7.805186095378090E-02
2.456366833333330E+06,1.293472738795450E-01,3.056538825734870E-01,7.976778555071130E-02
2.456366875000000E+06,1.292673688387330E-01,3.058993314953460E-01,8.148267983103710E-02
2.456366916666660E+06,1.291858027796830E-01,3.061408497762000E-01,8.319652712060060E-02
2.456366958333330E+06,1.291025854217360E-01,3.063784548615720E-01,8.490931098167610E-02
2.456367000000000E+06,1.290177264818320E-01,3.066121642496190E-01,8.662101521194450E-02
2.456367041666660E+06,1.289312356732440E-01,3.068419954880720E-01,8.833162384342960E-02
2.456367083333330E+06,1.288431227043320E-01,3.070679661712170E-01,9.004112114139390E-02
2.456367125000000E+06,1.287533972773280E-01,3.072900939369240E-01,9.174949160319760E-02
2.456367166666660E+06,1.286620690871410E-01,3.075083964637060E-01,9.345671995712100E-02
2.456367208333330E+06,1.285691478201810E-01,3.077228914678350E-01,9.516279116115150E-02
2.456367250000000E+06,1.284746431532140E-01,3.079335967004910E-01,9.686769040173730E-02
2.456367291666660E+06,1.283785647522320E-01,3.081405299449530E-01,9.857140309250750E-02
2.456367333333330E+06,1.282809222713510E-01,3.083437090138470E-01,1.002739148729610E-01
2.456367375000000E+06,1.281817253517340E-01,3.085431517464140E-01,1.019752116071290E-01
2.456367416666660E+06,1.280809836205280E-01,3.087388760058440E-01,1.036752793821970E-01
2.456367458333330E+06,1.279787066898320E-01,3.089308996766400E-01,1.053741045071140E-01
2.456367500000000E+06,1.278749041556830E-01,3.091192406620240E-01,1.070716735111670E-01
2.456367541666660E+06,1.277695855970670E-01,3.093039168813970E-01,1.087679731425250E-01
2.456367583333330E+06,1.276627605749520E-01,3.094849462678310E-01,1.104629903667710E-01
2.456367625000000E+06,1.275544386313380E-01,3.096623467656120E-01,1.121567123653970E-01
2.456367666666660E+06,1.274446292883380E-01,3.098361363278180E-01,1.138491265342890E-01
2.456367708333330E+06,1.273333420472720E-01,3.100063329139470E-01,1.155402204821810E-01
2.456367750000000E+06,1.272205863877870E-01,3.101729544875850E-01,1.172299820290970E-01
2.456367791666660E+06,1.271063717670000E-01,3.103360190141150E-01,1.189183992047650E-01
2.456367833333330E+06,1.269907076186570E-01,3.104955444584740E-01,1.206054602470190E-01
2.456367875000000E+06,1.268736033523170E-01,3.106515487829420E-01,1.222911536001860E-01
2.456367916666660E+06,1.267550683525560E-01,3.108040499449840E-01,1.239754679134460E-01
2.456367958333330E+06,1.266351119781900E-01,3.109530658951270E-01,1.256583920391920E-01
2.456368000000000E+06,1.265137435615230E-01,3.110986145748810E-01,1.273399150313610E-01
2.456368041666660E+06,1.263909724076080E-01,3.112407139147020E-01,1.290200261437620E-01
2.456368083333330E+06,1.262668077935320E-01,3.113793818319930E-01,1.306987148283870E-01
2.456368125000000E+06,1.261412589677260E-01,3.115146362291520E-01,1.323759707337110E-01
2.456368166666660E+06,1.260143351492820E-01,3.116464949916520E-01,1.340517837029810E-01
2.456368208333330E+06,1.258860455273020E-01,3.117749759861670E-01,1.357261437724970E-01
2.456368250000000E+06,1.257563992602560E-01,3.119000970587390E-01,1.373990411698810E-01
2.456368291666660E+06,1.256254054753680E-01,3.120218760329810E-01,1.390704663123400E-01
2.456368333333330E+06,1.254930732680130E-01,3.121403307083210E-01,1.407404098049230E-01
2.456368375000000E+06,1.253594117011380E-01,3.122554788582830E-01,1.424088624387660E-01
2.456368416666660E+06,1.252244298046930E-01,3.123673382288110E-01,1.440758151893340E-01
2.456368458333330E+06,1.250881365750930E-01,3.124759265366290E-01,1.457412592146640E-01
2.456368500000000E+06,1.249505409746840E-01,3.125812614676340E-01,1.474051858535900E-01
2.456368541666660E+06,1.248116519312370E-01,3.126833606753380E-01,1.490675866239780E-01
2.456368583333330E+06,1.246714783374500E-01,3.127822417793340E-01,1.507284532209490E-01
2.456368625000000E+06,1.245300290504760E-01,3.128779223638080E-01,1.523877775151010E-01
2.456368666666660E+06,1.243873128914590E-01,3.129704199760860E-01,1.540455515507350E-01
2.456368708333330E+06,1.242433386450960E-01,3.130597521252130E-01,1.557017675440730E-01
2.456368750000000E+06,1.240981150592030E-01,3.131459362805700E-01,1.573564178814770E-01
2.456368791666660E+06,1.239516508443100E-01,3.132289898705280E-01,1.590094951176710E-01
2.456368833333330E+06,1.238039546732600E-01,3.133089302811340E-01,1.606609919739620E-01
2.456368875000000E+06,1.236550351808330E-01,3.133857748548330E-01,1.623109013364570E-01
2.456368916666660E+06,1.235049009633790E-01,3.134595408892210E-01,1.639592162542960E-01
2.456368958333330E+06,1.233535605784660E-01,3.135302456358390E-01,1.656059299378680E-01
2.456369000000000E+06,1.232010225445490E-01,3.135979062989870E-01,1.672510357570470E-01
2.456369041666660E+06,1.230472953406420E-01,3.136625400345870E-01,1.688945272394190E-01
2.456369083333330E+06,1.228923874060190E-01,3.137241639490650E-01,1.705363980685220E-01
2.456369125000000E+06,1.227363071399150E-01,3.137827950982680E-01,1.721766420820810E-01
2.456369166666660E+06,1.225790629012470E-01,3.138384504864180E-01,1.738152532702580E-01
2.456369208333330E+06,1.224206630083510E-01,3.138911470650910E-01,1.754522257738970E-01
2.456369250000000E+06,1.222611157387270E-01,3.139409017322270E-01,1.770875538827830E-01
2.456369291666660E+06,1.221004293287990E-01,3.139877313311730E-01,1.787212320339010E-01
2.456369333333330E+06,1.219386119736860E-01,3.140316526497520E-01,1.803532548097020E-01
2.456369375000000E+06,1.217756718269920E-01,3.140726824193650E-01,1.819836169363810E-01
2.456369416666660E+06,1.216116170005970E-01,3.141108373141180E-01,1.836123132821560E-01
2.456369458333330E+06,1.214464555644720E-01,3.141461339499790E-01,1.852393388555550E-01
2.456369500000000E+06,1.212801955464960E-01,3.141785888839630E-01,1.868646888037160E-01
2.456369541666660E+06,1.211128449322910E-01,3.142082186133450E-01,1.884883584106880E-01
2.456369583333330E+06,1.209444116650610E-01,3.142350395748960E-01,1.901103430957460E-01
2.456369625000000E+06,1.207749036454550E-01,3.142590681441540E-01,1.917306384117100E-01
2.456369666666660E+06,1.206043287314230E-01,3.142803206347070E-01,1.933492400432780E-01
2.456369708333330E+06,1.204326947380990E-01,3.142988132975190E-01,1.949661438053630E-01
2.456369750000000E+06,1.202600094376850E-01,3.143145623202670E-01,1.965813456414440E-01
2.456369791666660E+06,1.200862805593470E-01,3.143275838267100E-01,1.981948416219240E-01
2.456369833333330E+06,1.199115157891210E-01,3.143378938760790E-01,1.998066279424980E-01
2.456369875000000E+06,1.197357227698310E-01,3.143455084624930E-01,2.014167009225310E-01
2.456369916666660E+06,1.195589091010140E-01,3.143504435144000E-01,2.030250570034520E-01
2.456369958333330E+06,1.193810823388520E-01,3.143527148940360E-01,2.046316927471460E-01
2.456370000000000E+06,1.192022499961190E-01,3.143523383969090E-01,2.062366048343720E-01
2.456370041666660E+06,1.190224195421350E-01,3.143493297513090E-01,2.078397900631800E-01
2.456370083333330E+06,1.188415984027210E-01,3.143437046178340E-01,2.094412453473470E-01
2.456370125000000E+06,1.186597939601760E-01,3.143354785889420E-01,2.110409677148170E-01
2.456370166666660E+06,1.184770135532490E-01,3.143246671885200E-01,2.126389543061610E-01
2.456370208333330E+06,1.182932644771290E-01,3.143112858714750E-01,2.142352023730410E-01
2.456370250000000E+06,1.181085539834380E-01,3.142953500233510E-01,2.158297092766890E-01
2.456370291666660E+06,1.179228892802300E-01,3.142768749599520E-01,2.174224724864000E-01
2.456370333333330E+06,1.177362775320030E-01,3.142558759270020E-01,2.190134895780330E-01
2.456370375000000E+06,1.175487258597130E-01,3.142323680998100E-01,2.206027582325270E-01
2.456370416666660E+06,1.173602413407970E-01,3.142063665829590E-01,2.221902762344260E-01
2.456370458333330E+06,1.171708310092070E-01,3.141778864100130E-01,2.237760414704210E-01
2.456370500000000E+06,1.169805018554420E-01,3.141469425432450E-01,2.253600519279010E-01
2.456370541666660E+06,1.167892608265920E-01,3.141135498733770E-01,2.269423056935140E-01
2.456370583333330E+06,1.165971148263910E-01,3.140777232193370E-01,2.285228009517500E-01
2.456370625000000E+06,1.164040707152700E-01,3.140394773280410E-01,2.301015359835260E-01
2.456370666666660E+06,1.162101353104200E-01,3.139988268741830E-01,2.316785091647900E-01
2.456370708333330E+06,1.160153153858600E-01,3.139557864600420E-01,2.332537189651340E-01
2.456370750000000E+06,1.158196176725100E-01,3.139103706153110E-01,2.348271639464240E-01
2.456370791666660E+06,1.156230488582680E-01,3.138625937969330E-01,2.363988427614380E-01
2.456370833333330E+06,1.154256155881000E-01,3.138124703889600E-01,2.379687541525210E-01
2.456370875000000E+06,1.152273244641240E-01,3.137600147024190E-01,2.395368969502510E-01
2.456370916666660E+06,1.150281820457080E-01,3.137052409751990E-01,2.411032700721170E-01
2.456370958333330E+06,1.148281948495670E-01,3.136481633719470E-01,2.426678725212140E-01
2.456371000000000E+06,1.146273693498690E-01,3.135887959839830E-01,2.442307033849440E-01
2.456371041666660E+06,1.144257119783470E-01,3.135271528292240E-01,2.457917618337340E-01
2.456371083333330E+06,1.142232291244050E-01,3.134632478521210E-01,2.473510471197700E-01
2.456371125000000E+06,1.140199271352430E-01,3.133970949236120E-01,2.489085585757410E-01
2.456371166666660E+06,1.138158123159750E-01,3.133287078410870E-01,2.504642956135890E-01
2.456371208333330E+06,1.136108909297580E-01,3.132581003283600E-01,2.520182577232880E-01
2.456371250000000E+06,1.134051691979190E-01,3.131852860356630E-01,2.535704444716190E-01
2.456371291666660E+06,1.131986533000900E-01,3.131102785396380E-01,2.551208555009690E-01
2.456371333333330E+06,1.129913493743480E-01,3.130330913433550E-01,2.566694905281360E-01
2.456371375000000E+06,1.127832635173530E-01,3.129537378763300E-01,2.582163493431570E-01
2.456371416666660E+06,1.125744017844930E-01,3.128722314945570E-01,2.597614318081320E-01
2.456371458333330E+06,1.123647701900320E-01,3.127885854805540E-01,2.613047378560790E-01
2.456371500000000E+06,1.121543747072650E-01,3.127028130434130E-01,2.628462674897900E-01
2.456371541666660E+06,1.119432212686640E-01,3.126149273188660E-01,2.643860207807000E-01
2.456371583333330E+06,1.117313157660450E-01,3.125249413693580E-01,2.659239978677770E-01
2.456371625000000E+06,1.115186640507180E-01,3.124328681841240E-01,2.674601989564160E-01
2.456371666666660E+06,1.113052719336590E-01,3.123387206792890E-01,2.689946243173500E-01
2.456371708333330E+06,1.110911451856670E-01,3.122425116979630E-01,2.705272742855720E-01
2.456371750000000E+06,1.108762895375390E-01,3.121442540103490E-01,2.720581492592670E-01
2.456371791666660E+06,1.106607106802370E-01,3.120439603138650E-01,2.735872496987630E-01
2.456371833333330E+06,1.104444142650610E-01,3.119416432332670E-01,2.751145761254890E-01
2.456371875000000E+06,1.102274059038220E-01,3.118373153207830E-01,2.766401291209450E-01
2.456371916666660E+06,1.100096911690250E-01,3.117309890562550E-01,2.781639093256870E-01
2.456371958333330E+06,1.097912755940410E-01,3.116226768472860E-01,2.796859174383220E-01
2.456372000000000E+06,1.095721646732940E-01,3.115123910294010E-01,2.812061542145180E-01
2.456372041666660E+06,1.093523638624390E-01,3.114001438662060E-01,2.827246204660200E-01
2.456372083333330E+06,1.091318785785530E-01,3.112859475495580E-01,2.842413170596850E-01
2.456372125000000E+06,1.089107142003140E-01,3.111698141997470E-01,2.857562449165240E-01
2.456372166666660E+06,1.086888760681950E-01,3.110517558656740E-01,2.872694050107580E-01
2.456372208333330E+06,1.084663694846530E-01,3.109317845250420E-01,2.887807983688830E-01
2.456372250000000E+06,1.082431997143160E-01,3.108099120845550E-01,2.902904260687510E-01
2.456372291666660E+06,1.080193719841790E-01,3.106861503801160E-01,2.917982892386590E-01
2.456372333333330E+06,1.077948914837990E-01,3.105605111770340E-01,2.933043890564470E-01
2.456372375000000E+06,1.075697633654860E-01,3.104330061702420E-01,2.948087267486180E-01
2.456372416666660E+06,1.073439927445030E-01,3.103036469845070E-01,2.963113035894540E-01
2.456372458333330E+06,1.071175846992600E-01,3.101724451746630E-01,2.978121209001570E-01
2.456372500000000E+06,1.068905442715150E-01,3.100394122258290E-01,2.993111800479900E-01
2.456372541666660E+06,1.066628764665720E-01,3.099045595536510E-01,3.008084824454410E-01
2.456372583333330E+06,1.064345862534810E-01,3.097678985045360E-01,3.023040295493810E-01
2.456372625000000E+06,1.062056785652400E-01,3.096294403558910E-01,3.037978228602540E-01
2.456372666666660E+06,1.059761582989950E-01,3.094891963163780E-01,3.052898639212580E-01
2.456372708333330E+06,1.057460303162460E-01,3.093471775261540E-01,3.067801543175490E-01
2.456372750000000E+06,1.055152994430430E-01,3.092033950571360E-01,3.082686956754490E-01
2.456372791666660E+06,1.052839704701990E-01,3.090578599132520E-01,3.097554896616710E-01
2.456372833333330E+06,1.050520481534860E-01,3.089105830307070E-01,3.112405379825460E-01
2.456372875000000E+06,1.048195372138450E-01,3.087615752782480E-01,3.127238423832700E-01
2.456372916666660E+06,1.045864423375880E-01,3.086108474574340E-01,3.142054046471480E-01
2.456372958333330E+06,1.043527681766040E-01,3.084584103029070E-01,3.156852265948630E-01
2.456373000000000E+06,1.041185193485680E-01,3.083042744826680E-01,3.171633100837440E-01
2.456373041666660E+06,1.038837004371410E-01,3.081484505983580E-01,3.186396570070510E-01
2.456373083333330E+06,1.036483159921810E-01,3.079909491855360E-01,3.201142692932610E-01
2.456373125000000E+06,1.034123705299490E-01,3.078317807139660E-01,3.215871489053740E-01
2.456373166666660E+06,1.031758685333120E-01,3.076709555879050E-01,3.230582978402220E-01
2.456373208333330E+06,1.029388144519540E-01,3.075084841463870E-01,3.245277181277880E-01
2.456373250000000E+06,1.027012127025800E-01,3.073443766635210E-01,3.259954118305380E-01
2.456373291666660E+06,1.024630676691240E-01,3.071786433487850E-01,3.274613810427560E-01
2.456373333333330E+06,1.022243837029540E-01,3.070112943473170E-01,3.289256278898990E-01
2.456373375000000E+06,1.019851651230810E-01,3.068423397402170E-01,3.303881545279460E-01
2.456373416666660E+06,1.017454162163620E-01,3.066717895448510E-01,3.318489631427700E-01
2.456373458333330E+06,1.015051412377110E-01,3.064996537151450E-01,3.333080559495080E-01
2.456373500000000E+06,1.012643444102990E-01,3.063259421418970E-01,3.347654351919530E-01
2.456373541666660E+06,1.010230299257670E-01,3.061506646530760E-01,3.362211031419380E-01
2.456373583333330E+06,1.007812019444240E-01,3.059738310141370E-01,3.376750620987410E-01
2.456373625000000E+06,1.005388645954580E-01,3.057954509283210E-01,3.391273143884960E-01
2.456373666666660E+06,1.002960219771400E-01,3.056155340369710E-01,3.405778623636110E-01
2.456373708333330E+06,1.000526781570250E-01,3.054340899198410E-01,3.420267084021900E-01
2.456373750000000E+06,9.980883717216160E-02,3.052511280954100E-01,3.434738549074770E-01
2.456373791666660E+06,9.956450302929090E-02,3.050666580211950E-01,3.449193043072880E-01
2.456373833333330E+06,9.931967970505340E-02,3.048806890940630E-01,3.463630590534720E-01
2.456373875000000E+06,9.907437114619020E-02,3.046932306505500E-01,3.478051216213640E-01
2.456373916666660E+06,9.882858126974600E-02,3.045042919671780E-01,3.492454945092540E-01
2.456373958333330E+06,9.858231396327050E-02,3.043138822607680E-01,3.506841802378640E-01
2.456374000000000E+06,9.833557308502020E-02,3.041220106887610E-01,3.521211813498270E-01
2.456374041666660E+06,9.808836246415930E-02,3.039286863495360E-01,3.535565004091760E-01
2.456374083333330E+06,9.784068590095930E-02,3.037339182827290E-01,3.549901400008490E-01
2.456374125000000E+06,9.759254716699910E-02,3.035377154695520E-01,3.564221027301870E-01
2.456374166666660E+06,9.734395000536380E-02,3.033400868331140E-01,3.578523912224490E-01
2.456374208333330E+06,9.709489813084290E-02,3.031410412387390E-01,3.592810081223330E-01
2.456374250000000E+06,9.684539523012820E-02,3.029405874942890E-01,3.607079560935010E-01
2.456374291666660E+06,9.659544496201040E-02,3.027387343504850E-01,3.621332378181130E-01
2.456374333333330E+06,9.634505095757550E-02,3.025354905012250E-01,3.635568559963710E-01
2.456374375000000E+06,9.609421682040030E-02,3.023308645839080E-01,3.649788133460650E-01
2.456374416666660E+06,9.584294612674720E-02,3.021248651797550E-01,3.663991126021260E-01
2.456374458333330E+06,9.559124242575800E-02,3.019175008141250E-01,3.678177565161920E-01
2.456374500000000E+06,9.533910923964740E-02,3.017087799568460E-01,3.692347478561730E-01
2.456374541666660E+06,9.508655006389500E-02,3.014987110225250E-01,3.706500894058250E-01
2.456374583333330E+06,9.483356836743750E-02,3.012873023708760E-01,3.720637839643370E-01
2.456374625000000E+06,9.458016759285890E-02,3.010745623070360E-01,3.734758343459120E-01
2.456374666666660E+06,9.432635115658110E-02,3.008604990818900E-01,3.748862433793660E-01
2.456374708333330E+06,9.407212244905220E-02,3.006451208923860E-01,3.762950139077270E-01
2.456374750000000E+06,9.381748483493560E-02,3.004284358818570E-01,3.777021487878400E-01
2.456374791666660E+06,9.356244165329700E-02,3.002104521403400E-01,3.791076508899830E-01
2.456374833333330E+06,9.330699621779080E-02,2.999911777048930E-01,3.805115230974830E-01
2.456374875000000E+06,9.305115181684600E-02,2.997706205599160E-01,3.819137683063420E-01
2.456374916666660E+06,9.279491171385080E-02,2.995487886374650E-01,3.833143894248690E-01
2.456374958333330E+06,9.253827914733630E-02,2.993256898175730E-01,3.847133893733140E-01
2.456375000000000E+06,9.228125733115970E-02,2.991013319285620E-01,3.861107710835100E-01
2.456375041666660E+06,9.202384945468590E-02,2.988757227473620E-01,3.875065374985250E-01
2.456375083333330E+06,9.176605868296890E-02,2.986488699998260E-01,3.889006915723100E-01
2.456375125000000E+06,9.150788815693170E-02,2.984207813610400E-01,3.902932362693610E-01
2.456375166666660E+06,9.124934099354540E-02,2.981914644556430E-01,3.916841745643830E-01
2.456375208333330E+06,9.099042028600730E-02,2.979609268581340E-01,3.930735094419610E-01
2.456375250000000E+06,9.073112910391880E-02,2.977291760931870E-01,3.944612438962320E-01
2.456375291666660E+06,9.047147049346050E-02,2.974962196359630E-01,3.958473809305670E-01
2.456375333333330E+06,9.021144747756860E-02,2.972620649124170E-01,3.972319235572570E-01
2.456375375000000E+06,8.995106305610830E-02,2.970267192996070E-01,3.986148747972020E-01
2.456375416666660E+06,8.969032020604810E-02,2.967901901260070E-01,3.999962376796090E-01
2.456375458333330E+06,8.942922188163090E-02,2.965524846718110E-01,4.013760152416870E-01
2.456375500000000E+06,8.916777101454650E-02,2.963136101692370E-01,4.027542105283620E-01
2.456375541666660E+06,8.890597051410120E-02,2.960735738028370E-01,4.041308265919750E-01
2.456375583333330E+06,8.864382326738730E-02,2.958323827098000E-01,4.055058664920080E-01
2.456375625000000E+06,8.838133213945170E-02,2.955900439802530E-01,4.068793332947960E-01
2.456375666666660E+06,8.811849997346290E-02,2.953465646575640E-01,4.082512300732560E-01
2.456375708333330E+06,8.785532959087750E-02,2.951019517386450E-01,4.096215599066110E-01
2.456375750000000E+06,8.759182379160520E-02,2.948562121742490E-01,4.109903258801300E-01
2.456375791666660E+06,8.732798535417370E-02,2.946093528692720E-01,4.123575310848580E-01
2.456375833333330E+06,8.706381703589130E-02,2.943613806830480E-01,4.137231786173640E-01
2.456375875000000E+06,8.679932157300960E-02,2.941123024296440E-01,4.150872715794860E-01
2.456375916666660E+06,8.653450168088460E-02,2.938621248781590E-01,4.164498130780770E-01
2.456375958333330E+06,8.626936005413680E-02,2.936108547530170E-01,4.178108062247680E-01
2.456376000000000E+06,8.600389936681060E-02,2.933584987342560E-01,4.191702541357220E-01
2.456376041666660E+06,8.573812227253240E-02,2.931050634578260E-01,4.205281599313960E-01
2.456376083333330E+06,8.547203140466790E-02,2.928505555158720E-01,4.218845267363100E-01
2.456376125000000E+06,8.520562937647770E-02,2.925949814570280E-01,4.232393576788200E-01
2.456376166666660E+06,8.493891878127320E-02,2.923383477867030E-01,4.245926558908890E-01
2.456376208333330E+06,8.467190219257030E-02,2.920806609673670E-01,4.259444245078690E-01
2.456376250000000E+06,8.440458216424210E-02,2.918219274188360E-01,4.272946666682800E-01
2.456376291666660E+06,8.413696123067190E-02,2.915621535185560E-01,4.286433855136020E-01
2.456376333333330E+06,8.386904190690330E-02,2.913013456018860E-01,4.299905841880580E-01
2.456376375000000E+06,8.360082668879070E-02,2.910395099623770E-01,4.313362658384140E-01
2.456376416666660E+06,8.333231805314850E-02,2.907766528520540E-01,4.326804336137720E-01
2.456376458333330E+06,8.306351845789860E-02,2.905127804816910E-01,4.340230906653740E-01
2.456376500000000E+06,8.279443034221760E-02,2.902478990210920E-01,4.353642401464020E-01
2.456376541666660E+06,8.252505612668300E-02,2.899820145993630E-01,4.367038852117920E-01
2.456376583333330E+06,8.225539821341780E-02,2.897151333051890E-01,4.380420290180380E-01
2.456376625000000E+06,8.198545898623480E-02,2.894472611871020E-01,4.393786747230110E-01
2.456376666666660E+06,8.171524081077940E-02,2.891784042537580E-01,4.407138254857760E-01
2.456376708333330E+06,8.144474603467140E-02,2.889085684742030E-01,4.420474844664140E-01
2.456376750000000E+06,8.117397698764640E-02,2.886377597781440E-01,4.433796548258420E-01
2.456376791666660E+06,8.090293598169520E-02,2.883659840562120E-01,4.447103397256450E-01
2.456376833333330E+06,8.063162531120330E-02,2.880932471602320E-01,4.460395423279020E-01
2.456376875000000E+06,8.036004725308870E-02,2.878195549034840E-01,4.473672657950260E-01
2.456376916666660E+06,8.008820406693860E-02,2.875449130609690E-01,4.486935132895920E-01
2.456376958333330E+06,7.981609799514600E-02,2.872693273696650E-01,4.500182879741840E-01
2.456377000000000E+06,7.954373126304420E-02,2.869928035287930E-01,4.513415930112320E-01
2.456377041666660E+06,7.927110607904110E-02,2.867153472000710E-01,4.526634315628610E-01
2.456377083333330E+06,7.899822463475240E-02,2.864369640079700E-01,4.539838067907370E-01
2.456377125000000E+06,7.872508910513330E-02,2.861576595399770E-01,4.553027218559180E-01
2.456377166666660E+06,7.845170164861030E-02,2.858774393468380E-01,4.566201799187080E-01
2.456377208333330E+06,7.817806440721060E-02,2.855963089428190E-01,4.579361841385130E-01
2.456377250000000E+06,7.790417950669220E-02,2.853142738059530E-01,4.592507376737030E-01
2.456377291666660E+06,7.763004905667130E-02,2.850313393782930E-01,4.605638436814670E-01
2.456377333333330E+06,7.735567515075030E-02,2.847475110661540E-01,4.618755053176840E-01
2.456377375000000E+06,7.708105986664370E-02,2.844627942403670E-01,4.631857257367850E-01
2.456377416666660E+06,7.680620526630410E-02,2.841771942365190E-01,4.644945080916270E-01
2.456377458333330E+06,7.653111339604610E-02,2.838907163551990E-01,4.658018555333610E-01
2.456377500000000E+06,7.625578628667020E-02,2.836033658622390E-01,4.671077712113050E-01
2.456377541666660E+06,7.598022595358550E-02,2.833151479889580E-01,4.684122582728260E-01
2.456377583333330E+06,7.570443439693090E-02,2.830260679323950E-01,4.697153198632160E-01
2.456377625000000E+06,7.542841360169670E-02,2.827361308555540E-01,4.710169591255720E-01
2.456377666666660E+06,7.515216553784380E-02,2.824453418876360E-01,4.723171792006810E-01
2.456377708333330E+06,7.487569216042300E-02,2.821537061242750E-01,4.736159832269060E-01
2.456377750000000E+06,7.459899540969310E-02,2.818612286277740E-01,4.749133743400760E-01
2.456377791666660E+06,7.432207721123770E-02,2.815679144273310E-01,4.762093556733720E-01
2.456377833333330E+06,7.404493947608180E-02,2.812737685192760E-01,4.775039303572220E-01
2.456377875000000E+06,7.376758410080710E-02,2.809787958672970E-01,4.787971015191970E-01
2.456377916666660E+06,7.349001296766650E-02,2.806830014026690E-01,4.800888722839050E-01
2.456377958333330E+06,7.321222794469750E-02,2.803863900244790E-01,4.813792457728930E-01
2.456378000000000E+06,7.293423088583530E-02,2.800889665998520E-01,4.826682251045410E-01
2.456378041666660E+06,7.265602363102410E-02,2.797907359641720E-01,4.839558133939760E-01
2.456378083333330E+06,7.237760800632880E-02,2.794917029213080E-01,4.852420137529660E-01
2.456378125000000E+06,7.209898582404450E-02,2.791918722438310E-01,4.865268292898310E-01
2.456378166666660E+06,7.182015888280600E-02,2.788912486732360E-01,4.878102631093540E-01
2.456378208333330E+06,7.154112896769620E-02,2.785898369201570E-01,4.890923183126890E-01
2.456378250000000E+06,7.126189785035370E-02,2.782876416645850E-01,4.903729979972730E-01
2.456378291666660E+06,7.098246728907960E-02,2.779846675560820E-01,4.916523052567390E-01
2.456378333333330E+06,7.070283902894310E-02,2.776809192139950E-01,4.929302431808360E-01
2.456378375000000E+06,7.042301480188670E-02,2.773764012276670E-01,4.942068148553460E-01
2.456378416666660E+06,7.014299632683070E-02,2.770711181566500E-01,4.954820233619980E-01
2.456378458333330E+06,6.986278530977600E-02,2.767650745309110E-01,4.967558717783960E-01
2.456378500000000E+06,6.958238344390730E-02,2.764582748510440E-01,4.980283631779390E-01
